Country Name,Country Code,Indicator Name,Indicator Code,1996,1998,2000,2002,2003,2004,2005,2006,2007,2008,2009,2010,2011,2012,2013,2014,2015,2016,2017,2018,2019,2020,2021,2022,2023
Austria,AUT,Control of Corruption: Estimate,CC.EST,1.73216354846954,1.79937922954559,1.7510586977005,1.91515922546387,1.96386861801147,2.02662444114685,1.91242349147797,1.90487694740295,2.00334525108337,1.8287581205368,1.69403409957886,1.59612202644348,1.47028934955597,1.42725443840027,1.53727698326111,1.46650183200836,1.47204375267029,1.49688053131104,1.50082015991211,1.56858718395233,1.52132439613342,1.47770941257477,1.24272727966309,1.25858676433563,1.1336532831192
Austria,AUT,Government Effectiveness: Estimate,GE.EST,1.73164963722229,1.80350625514984,1.84726524353027,1.88022816181183,1.93046128749847,1.84377062320709,1.67952907085419,1.82738518714905,1.86356592178345,1.77165818214417,1.66273927688599,1.81252110004425,1.60288524627686,1.56018972396851,1.57137954235077,1.5529956817627,1.4509791135788,1.47481060028076,1.46775150299072,1.45611667633057,1.49212622642517,1.60586321353912,1.52829468250275,1.46492278575897,1.32668149471283
Austria,AUT,Political Stability and Absence of Violence/Terrorism: Estimate,PV.EST,1.41046285629272,1.11060059070587,0.822056412696838,1.35895538330078,0.962002456188202,1.08964920043945,1.10395002365112,1.07445085048676,1.284419298172,1.33927059173584,1.19087398052216,1.15264821052551,1.19352161884308,1.34056687355042,1.36410057544708,1.27070045471191,1.12933051586151,0.8921759724617,1.02962481975555,0.884860396385193,0.892189025878906,0.887600898742676,0.899554431438446,0.648710012435913,0.727989196777344
Austria,AUT,Regulatory Quality: Estimate,RQ.EST,1.65871214866638,1.34646129608154,1.47547554969788,1.5380562543869,1.53713607788086,1.51410281658173,1.60495746135712,1.64441108703613,1.69116389751434,1.60645174980164,1.4500185251236,1.4505158662796,1.37697684764862,1.51716470718384,1.48221373558044,1.48217010498047,1.3904470205307,1.42889010906219,1.42786145210266,1.5240364074707,1.44640731811523,1.39522731304169,1.34041571617126,1.28319978713989,1.36136972904205
Austria,AUT,Rule of Law: Estimate,RL.EST,1.80815303325653,1.80328798294067,1.81233263015747,1.85791265964508,1.84791743755341,1.81666433811188,1.84724950790405,1.8997688293457,1.94182562828064,1.91069889068604,1.77744269371033,1.80120265483856,1.79896306991577,1.85712373256683,1.83409059047699,1.93843615055084,1.81477534770966,1.76146185398102,1.8003545999527,1.85348308086395,1.86229813098907,1.77060890197754,1.75175452232361,1.70427322387695,1.74656546115875
Austria,AUT,Voice and Accountability: Estimate,VA.EST,1.44895005226135,1.35477888584137,1.31755948066711,1.30749690532684,1.34388208389282,1.47565114498138,1.37865650653839,1.37268495559692,1.36926245689392,1.35846436023712,1.39284467697144,1.43029069900513,1.40244364738464,1.44877302646637,1.45652639865875,1.39129602909088,1.38369190692902,1.33784782886505,1.38622164726257,1.39954924583435,1.33715832233429,1.39462888240814,1.38638341426849,1.41365766525269,1.41124832630157
Belgium,BEL,Control of Corruption: Estimate,CC.EST,1.35965430736542,1.31323409080505,1.44685900211334,1.45780158042908,1.37511277198792,1.36038255691528,1.37716245651245,1.30128657817841,1.34741532802582,1.36263751983643,1.45200526714325,1.47382998466492,1.51992893218994,1.55911040306091,1.60431730747223,1.51272034645081,1.47445356845856,1.53124380111694,1.40419495105743,1.42957329750061,1.44879794120789,1.44580173492432,1.45520210266113,1.49497354030609,1.3368444442749
Belgium,BEL,Government Effectiveness: Estimate,GE.EST,1.71154367923737,1.77015435695648,1.65919423103333,1.91511082649231,1.86878955364227,1.85430920124054,1.70650970935822,1.74316394329071,1.60233938694,1.38118207454681,1.56746017932892,1.65420985221863,1.72347581386566,1.67117416858673,1.70195496082306,1.51735270023346,1.52944529056549,1.39763832092285,1.24078404903412,1.22463178634644,1.11331832408905,1.07823526859283,1.08557260036469,1.22718644142151,1.03702199459076
Belgium,BEL,Political Stability and Absence of Violence/Terrorism: Estimate,PV.EST,1.28849947452545,1.02412986755371,1.12981116771698,1.26080238819122,0.85823780298233,0.709136724472046,0.79377418756485,0.856375813484192,0.757325053215027,0.620571196079254,0.820824682712555,0.810646176338196,0.95453542470932,0.923599720001221,0.940082728862762,0.701269447803497,0.577092111110687,0.429606109857559,0.41760727763176,0.393769443035126,0.458395332098007,0.521078526973724,0.662682592868805,0.581981599330902,0.403853088617325
Belgium,BEL,Regulatory Quality: Estimate,RQ.EST,1.21423172950745,1.00581073760986,1.15296983718872,1.25418055057526,1.28162622451782,1.34641647338867,1.27136194705963,1.3299378156662,1.42054414749146,1.40567028522491,1.31022024154663,1.28281509876251,1.23621690273285,1.22217035293579,1.28374707698822,1.15288519859314,1.27396082878113,1.32856822013855,1.23354864120483,1.25903940200806,1.27653729915619,1.34363579750061,1.33185970783234,1.25295519828796,1.16822481155396
Belgium,BEL,Rule of Law: Estimate,RL.EST,1.36694669723511,1.21820557117462,1.3139340877533,1.34493565559387,1.33109652996063,1.31122982501984,1.25764083862305,1.22459959983826,1.31538724899292,1.33520579338074,1.37714815139771,1.41785252094269,1.43484890460968,1.44880962371826,1.45676612854004,1.54851686954498,1.45622563362122,1.39380347728729,1.32062590122223,1.33859252929688,1.3361576795578,1.32759404182434,1.29177582263947,1.34823083877563,1.29537487030029
Belgium,BEL,Voice and Accountability: Estimate,VA.EST,1.43329954147339,1.34284746646881,1.36650443077087,1.37745249271393,1.47829031944275,1.44026613235474,1.42076218128204,1.34239435195923,1.36077105998993,1.32498848438263,1.3466922044754,1.36068689823151,1.32516324520111,1.34942185878754,1.37298619747162,1.36629962921143,1.38754844665527,1.37725067138672,1.33863842487335,1.33044385910034,1.30838358402252,1.27814042568207,1.27089965343475,1.29709255695343,1.32572901248932
Bulgaria,BGR,Control of Corruption: Estimate,CC.EST,-0.361505150794983,-0.17823214828968,-0.178624525666237,-0.171931698918343,-0.087321013212204,0.0682040601968765,0.0187454242259264,-0.11058596521616,-0.231792405247688,-0.274787336587906,-0.229267567396164,-0.237023547291756,-0.269264370203018,-0.281460791826248,-0.327892512083054,-0.303166449069977,-0.346440643072128,-0.260855674743652,-0.196330279111862,-0.188220024108887,-0.181220516562462,-0.3223497569561,-0.258131921291351,-0.158206030726433,-0.137721657752991
Bulgaria,BGR,Government Effectiveness: Estimate,GE.EST,-0.0425848290324211,-0.0834641233086586,0.0379754789173603,0.173596397042274,0.0336971394717693,0.0787450447678566,0.134381100535393,-0.130292177200317,-0.121084287762642,-0.172577276825905,0.0714814215898514,-0.0653254613280296,-0.0711113885045052,-0.0283869281411171,-0.0132329864427447,-0.112378895282745,-0.0125585971400142,0.0888326391577721,0.0980096459388733,0.111848846077919,0.173703476786613,-0.214027836918831,-0.173440277576447,-0.271232962608337,0.047112051397562
Bulgaria,BGR,Political Stability and Absence of Violence/Terrorism: Estimate,PV.EST,-0.0910280793905258,0.575025260448456,0.377964615821838,0.467512369155884,0.173525497317314,0.0036307335831224,0.14727059006691,0.394421190023422,0.357635468244553,0.369860708713531,0.353678971529007,0.360091060400009,0.301750302314758,0.379833996295929,0.170710384845734,0.0785408988595009,0.010424641892314,0.0682793706655502,0.321379661560059,0.444411188364029,0.561284422874451,0.401631027460098,0.36473935842514,0.313428640365601,0.341861486434937
Bulgaria,BGR,Regulatory Quality: Estimate,RQ.EST,-0.184434711933136,0.188922390341759,0.199957489967346,0.527679920196533,0.668375253677368,0.707843780517578,0.657545506954193,0.616540431976318,0.643360614776611,0.734121799468994,0.694785177707672,0.680432558059692,0.552520036697388,0.574710845947266,0.549109816551208,0.585273623466492,0.57826828956604,0.70129007101059,0.65778660774231,0.60575270652771,0.530806183815002,0.460990726947784,0.433977693319321,0.320686906576157,0.40789669752121
Bulgaria,BGR,Rule of Law: Estimate,RL.EST,-0.344958007335663,-0.222114488482475,-0.123777076601982,-0.0560499913990498,-0.171991765499115,-0.118167765438557,-0.108557619154453,-0.108846172690392,-0.0576844252645969,-0.121088020503521,-0.0403123535215855,-0.0970613583922386,-0.141564160585403,-0.115051358938217,-0.147255629301071,-0.0820291489362717,-0.159493550658226,-0.140443801879883,-0.1249605640769,-0.105849832296371,-0.0374133922159672,-0.127672985196114,-0.068868450820446,-0.107922710478306,-0.0068576806224882
Bulgaria,BGR,Voice and Accountability: Estimate,VA.EST,0.428986370563507,0.437017410993576,0.460498780012131,0.52853125333786,0.545891940593719,0.5696901679039,0.594892740249634,0.577117204666138,0.69093531370163,0.57797634601593,0.560471177101135,0.531482577323914,0.450080156326294,0.400915592908859,0.337255388498306,0.366472214460373,0.432639420032501,0.402378171682358,0.430081695318222,0.365172892808914,0.354652225971222,0.259386777877808,0.284104585647583,0.287512123584747,0.388988107442856
Croatia,HRV,Control of Corruption: Estimate,CC.EST,-0.578690052032471,-0.586468279361725,-0.0353819169104099,0.225011631846428,0.258523046970367,0.239370077848434,0.139555230736732,0.0449901148676872,0.0590379722416401,-0.050504669547081,-0.0860949829220772,0.0231014657765627,0.0277206785976887,-0.0254572927951813,0.107450112700462,0.200835213065147,0.19990636408329,0.155666068196297,0.0596246346831322,0.0467699244618416,0.0524476990103722,0.177110493183136,0.0375364571809769,0.147807404398918,0.181928679347038
Croatia,HRV,Government Effectiveness: Estimate,GE.EST,0.102206021547318,0.0380356423556805,0.363394379615784,0.328575700521469,0.318801134824753,0.44430086016655,0.455620646476746,0.555540442466736,0.456446975469589,0.572743833065033,0.585426390171051,0.581434488296509,0.502175211906433,0.675028204917908,0.675364792346954,0.676334917545319,0.457353413105011,0.422308266162872,0.535491704940796,0.513932764530182,0.456785351037979,0.424775809049606,0.552374601364136,0.581313610076904,0.712653696537018
Croatia,HRV,Political Stability and Absence of Violence/Terrorism: Estimate,PV.EST,-0.0383590497076511,0.0678859651088715,0.28022488951683,0.628807723522186,0.558495879173279,0.686754405498505,0.43447408080101,0.560829281806946,0.60539698600769,0.573651909828186,0.612926959991455,0.608463644981384,0.623747110366821,0.606891453266144,0.642667889595032,0.619112372398376,0.586513638496399,0.654191136360168,0.681905686855316,0.793678283691406,0.685510694980621,0.607283234596252,0.621595680713654,0.672563254833221,0.59771203994751
Croatia,HRV,Regulatory Quality: Estimate,RQ.EST,-0.171410709619522,-0.1453807502985,-0.118701681494713,0.294281095266342,0.466213047504425,0.53191602230072,0.47524955868721,0.365195125341415,0.411397367715836,0.413963556289673,0.472275614738464,0.489483296871185,0.442892551422119,0.353815704584122,0.369632989168167,0.276575356721878,0.237562641501427,0.238647386431694,0.299445986747742,0.48981836438179,0.552517652511597,0.36231455206871,0.493546575307846,0.502549886703491,0.643900275230408
Croatia,HRV,Rule of Law: Estimate,RL.EST,-0.63423216342926,-0.406373351812363,-0.0298685356974602,-0.144792929291725,-0.045993946492672,0.0412164889276028,0.0833475664258003,-0.0482460409402847,0.0384777560830116,0.0250067282468081,0.0438759475946426,0.0804690346121788,0.109395980834961,0.145079001784325,0.177962198853493,0.218224167823792,0.127412468194962,0.33985698223114,0.308922588825226,0.3015296459198,0.348268538713455,0.236185565590858,0.275418937206268,0.36779710650444,0.36060556769371
Croatia,HRV,Voice and Accountability: Estimate,VA.EST,-0.161426275968552,-0.292461693286896,0.510653853416443,0.55671101808548,0.623684108257294,0.658320605754852,0.452612310647964,0.48149374127388,0.517976045608521,0.467806965112686,0.48627769947052,0.476428359746933,0.521082401275635,0.540830552577972,0.513696014881134,0.514897346496582,0.555477857589722,0.525477707386017,0.479264795780182,0.446175158023834,0.454173117876053,0.579596340656281,0.601495921611786,0.616291224956512,0.569745063781738
Cyprus,CYP,Control of Corruption: Estimate,CC.EST,1.33128821849823,1.06172382831573,1.08123648166656,1.12628424167633,1.19230818748474,0.873254597187042,0.89903998374939,1.08556258678436,1.07337045669556,1.19312751293182,0.905417799949646,0.969285845756531,0.859248042106628,1.24330234527588,1.23852777481079,1.07067537307739,0.971173226833344,0.789454460144043,0.746647298336029,0.607749342918396,0.598950326442719,0.349943220615387,0.369423598051071,0.421445220708847,0.332707405090332
Cyprus,CYP,Government Effectiveness: Estimate,GE.EST,1.17166376113892,1.19583570957184,1.07490420341492,1.29533743858337,1.1232738494873,1.10752463340759,1.15242898464203,1.26175379753113,1.42116558551788,1.5237752199173,1.41438210010529,1.52651119232178,1.55788862705231,1.38360106945038,1.35990357398987,1.13519954681396,1.0175507068634,0.926266729831696,0.88537871837616,0.883620500564575,0.955758094787598,0.839448511600494,0.697915256023407,0.730335235595703,0.73773992061615
Cyprus,CYP,Political Stability and Absence of Violence/Terrorism: Estimate,PV.EST,0.387751519680023,0.222172737121582,0.51749986410141,0.199420601129532,0.532275915145874,0.380177587270737,0.517519235610962,0.53966498374939,0.537055730819702,0.639003932476044,0.390287488698959,0.452444821596146,0.607984483242035,0.635126054286957,0.563347160816193,0.551882088184357,0.542449116706848,0.593786835670471,0.530974149703979,0.48454225063324,0.54459822177887,0.288777649402618,0.422150671482086,0.423811227083206,0.409627169370651
Cyprus,CYP,Regulatory Quality: Estimate,RQ.EST,1.26196682453156,1.15530693531036,1.08776450157166,1.19338965415955,1.18172955513,1.21912789344788,1.22012770175934,1.27664840221405,1.33180058002472,1.36799836158752,1.36015510559082,1.42102324962616,1.23100304603577,1.12454509735107,0.910857200622559,1.09409928321838,1.04765045642853,1.04042482376099,1.0184805393219,0.862575232982635,0.999724805355072,0.993247628211975,0.845392525196075,0.773753821849823,0.778258264064789
Cyprus,CYP,Rule of Law: Estimate,RL.EST,0.85732102394104,0.945576548576355,1.01605880260468,0.989593505859375,0.938781797885895,0.90867418050766,0.877258121967316,1.09397459030151,1.10558974742889,1.20663857460022,1.20613396167755,1.2096072435379,1.06531310081482,1.09355938434601,1.02995848655701,1.07471680641174,1.01026701927185,0.693160891532898,0.854454517364502,0.72105348110199,0.726727247238159,0.547239065170288,0.605679333209991,0.570125758647919,0.628040313720703
Cyprus,CYP,Voice and Accountability: Estimate,VA.EST,1.03575432300568,0.983076632022858,1.05713748931885,1.1171190738678,0.99446302652359,0.950031280517578,0.955872654914856,1.05206739902496,1.06665575504303,1.08403408527374,1.06802761554718,1.02339065074921,1.0535831451416,1.02202355861664,0.980770349502563,1.0199453830719,1.0316162109375,1.04651844501495,1.05625879764557,1.01570796966553,1.04663980007172,0.90229332447052,0.855743706226349,0.850350379943848,0.974570155143738
Czechia,CZE,Control of Corruption: Estimate,CC.EST,0.683219373226166,0.52234935760498,0.146037667989731,0.358057916164398,0.489982098340988,0.384490489959717,0.480226010084152,0.350346773862839,0.321369081735611,0.343739986419678,0.380892634391785,0.384590119123459,0.383604437112808,0.310179650783539,0.299111813306808,0.429756611585617,0.46791335940361,0.555945515632629,0.568141341209412,0.509728491306305,0.533485949039459,0.55544102191925,0.615270674228668,0.663074553012848,0.767809867858887
Czechia,CZE,Government Effectiveness: Estimate,GE.EST,0.62058299779892,0.585556745529175,0.587459146976471,0.921997308731079,0.854176342487335,0.864507555961609,0.913030743598938,1.08249938488007,0.845191836357117,0.951468646526337,0.873511850833893,0.9017294049263,0.922613501548767,0.921718597412109,0.915809273719788,1.03113341331482,1.02559614181519,1.00811576843262,1.03059422969818,0.951154172420502,0.919642746448517,0.910964906215668,1.06974017620087,1.09341883659363,1.1140114068985
Czechia,CZE,Political Stability and Absence of Violence/Terrorism: Estimate,PV.EST,1.14775800704956,0.899568974971771,0.332739621400833,1.04410064220428,0.887058138847351,0.653875827789307,0.936384081840515,1.05372881889343,1.0154139995575,1.04987955093384,0.90582937002182,0.989233732223511,1.10911762714386,1.05410611629486,1.08477854728699,0.989990472793579,0.970251083374023,0.963384211063385,0.990650773048401,1.0264128446579,0.941995680332184,0.912328004837036,0.947537839412689,0.814114570617676,0.967361629009247
Czechia,CZE,Regulatory Quality: Estimate,RQ.EST,1.07183933258057,0.91688060760498,0.743665814399719,1.11261796951294,1.13681435585022,0.999590992927551,1.10902845859528,1.1080676317215,1.0531712770462,1.22245907783508,1.30928015708923,1.29729211330414,1.19579684734344,1.05303382873535,1.07856404781342,1.00139343738556,1.08391523361206,0.973719298839569,1.22255635261536,1.26730799674988,1.23532867431641,1.23466849327087,1.34087228775024,1.38589835166931,1.30448853969574
Czechia,CZE,Rule of Law: Estimate,RL.EST,0.915322721004486,0.86627471446991,0.607116281986237,0.859825134277344,0.873709797859192,0.758330762386322,0.857741057872772,0.862385094165802,0.878743946552277,0.900237202644348,0.95621782541275,0.930919170379639,1.0174971818924,1.02260160446167,1.02387058734894,1.13887214660645,1.10708737373352,0.988326966762543,1.08858931064606,1.01980626583099,1.01709353923798,1.01845061779022,1.09040725231171,1.1003965139389,1.14218366146088
Czechia,CZE,Voice and Accountability: Estimate,VA.EST,1.03485572338104,0.967962324619293,0.762775123119354,1.01640355587006,1.01417517662048,0.954461276531219,0.905672550201416,0.962292671203613,0.995283782482147,1.03275871276855,1.03304421901703,1.01486504077911,1.02266430854797,0.970379710197449,0.98448371887207,1.0266318321228,1.04274165630341,1.02528142929077,0.880147039890289,0.822354137897491,0.834152519702911,0.978554964065552,1.00824761390686,1.04114127159119,1.07654917240143
Denmark,DNK,Control of Corruption: Estimate,CC.EST,2.23130798339844,2.1966609954834,2.32117748260498,2.31065106391907,2.35876488685608,2.40682458877563,2.27820563316345,2.45911836624146,2.43483400344849,2.37640881538391,2.4354944229126,2.35235905647278,2.39288401603699,2.3824622631073,2.39937782287598,2.25215744972229,2.18585419654846,2.20300269126892,2.190749168396,2.15699577331543,2.12164855003357,2.23648619651794,2.33337140083313,2.40263819694519,2.37605309486389
Denmark,DNK,Government Effectiveness: Estimate,GE.EST,1.75904786586761,1.91074895858765,1.89654886722565,2.0240433216095,2.08797860145569,2.28722190856934,2.11490678787231,2.22395443916321,2.34719085693359,2.2413592338562,2.22860789299011,2.10007047653198,2.10107469558716,1.98699104785919,1.94326293468475,1.78492867946625,1.79474246501923,1.82117700576782,1.74683058261871,1.81060206890106,1.87326776981354,1.8400673866272,1.95973408222198,1.9901350736618,2.01564884185791
Denmark,DNK,Political Stability and Absence of Violence/Terrorism: Estimate,PV.EST,1.44196474552155,1.43196630477905,1.5010689496994,1.5242440700531,1.20381569862366,1.08433735370636,1.07349538803101,1.0467928647995,1.1181892156601,1.06538677215576,1.00118267536163,1.04096102714539,1.10029304027557,0.914910674095154,0.959233462810516,0.951779723167419,0.887059271335602,0.852912425994873,0.854937553405762,0.931982338428497,0.967598736286163,0.920233726501465,0.928662657737732,0.86891770362854,0.850847959518433
Denmark,DNK,Regulatory Quality: Estimate,RQ.EST,1.78326535224915,1.71170830726624,1.71064364910126,1.71136832237244,1.7327196598053,1.74865007400513,1.64963126182556,1.80342781543732,1.92670845985413,1.87364733219147,1.87865126132965,1.87385439872742,1.89863109588623,1.79916131496429,1.80028736591339,1.6811044216156,1.72294008731842,1.56364238262177,1.61215782165527,1.62839412689209,1.5476325750351,1.78572452068329,1.79559290409088,1.84312748908997,1.83951985836029
Denmark,DNK,Rule of Law: Estimate,RL.EST,1.82080864906311,1.83726668357849,1.80873346328735,1.88234078884125,1.92051100730896,1.93052399158478,1.93610906600952,1.98349893093109,1.99517047405243,1.95405626296997,1.91712713241577,1.89844179153442,1.91979134082794,1.87506687641144,1.90228533744812,2.10073828697205,2.01513481140137,1.88294720649719,1.80426836013794,1.77322614192963,1.83337736129761,1.80679368972778,1.89572131633759,1.8995805978775,1.90893590450287
Denmark,DNK,Voice and Accountability: Estimate,VA.EST,1.53897178173065,1.46734094619751,1.53596532344818,1.53286790847778,1.60145223140717,1.80099177360535,1.73960888385773,1.57163619995117,1.47770440578461,1.53830599784851,1.53825998306274,1.54195690155029,1.55170702934265,1.67411422729492,1.66623783111572,1.5245566368103,1.55306839942932,1.54204452037811,1.51810312271118,1.57402217388153,1.54343402385712,1.5147852897644,1.5449755191803,1.59125435352325,1.66469931602478
Estonia,EST,Control of Corruption: Estimate,CC.EST,0.449222981929779,0.655492126941681,0.840922892093658,0.739191174507141,0.9227254986763,0.982846856117249,0.994831264019012,1.0123438835144,0.967807710170746,0.952435076236725,1.00068259239197,0.989536285400391,1.04544830322266,1.08829832077026,1.18144452571869,1.29877054691315,1.25537073612213,1.23109316825867,1.20263087749481,1.46850371360779,1.52524757385254,1.58082056045532,1.50660848617554,1.54471278190613,1.53812229633331
Estonia,EST,Government Effectiveness: Estimate,GE.EST,0.611503779888153,0.495435953140259,0.687826871871948,0.66788649559021,0.880270600318909,0.903343915939331,0.937840044498444,1.14691519737244,1.00763607025146,1.15763688087463,1.00224792957306,1.07666647434235,1.06727397441864,0.945922076702118,0.966788172721863,1.01121234893799,1.03593826293945,1.05459797382355,1.07229030132294,1.15055811405182,1.13976681232452,1.29900670051575,1.34329342842102,1.34263217449188,1.2634699344635
Estonia,EST,Political Stability and Absence of Violence/Terrorism: Estimate,PV.EST,0.767924547195435,0.657050669193268,0.902080297470093,0.927854418754578,0.894786238670349,0.703926205635071,0.605274677276611,0.736678242683411,0.634109556674957,0.571973562240601,0.567619025707245,0.661366999149323,0.611041307449341,0.636465191841125,0.748215436935425,0.780257880687714,0.613857269287109,0.662796258926392,0.642370760440826,0.580415546894073,0.630197763442993,0.709816992282867,0.748589515686035,0.727880895137787,0.660533905029297
Estonia,EST,Regulatory Quality: Estimate,RQ.EST,1.2400096654892,1.19578731060028,1.27151811122894,1.26314008235931,1.17419981956482,1.22550690174103,1.24708712100983,1.29370141029358,1.32278323173523,1.38836634159088,1.39269268512726,1.38820207118988,1.38531708717346,1.4102840423584,1.4392409324646,1.67060923576355,1.65832471847534,1.68796372413635,1.63404095172882,1.54483294487,1.58012461662292,1.52953481674194,1.54799437522888,1.5589644908905,1.42964351177216
Estonia,EST,Rule of Law: Estimate,RL.EST,0.574426710605621,0.592054188251495,0.594717025756836,0.791837811470032,0.770817875862122,0.883017778396606,0.903708636760712,1.12973201274872,1.12227547168732,1.15543973445892,1.12465858459473,1.15312993526459,1.17581498622894,1.15094149112701,1.19137024879456,1.36985957622528,1.30050790309906,1.19259226322174,1.24847757816315,1.20345735549927,1.2427259683609,1.33508813381195,1.38935804367065,1.42628395557404,1.42638897895813
Estonia,EST,Voice and Accountability: Estimate,VA.EST,0.926167070865631,1.03417026996613,0.988002359867096,1.0729513168335,1.0705794095993,1.09341907501221,0.992168545722961,1.06822168827057,1.07301092147827,1.09165287017822,1.08552134037018,1.10565173625946,1.13372588157654,1.11192464828491,1.11682975292206,1.17029809951782,1.18691825866699,1.20819759368896,1.21454405784607,1.19020283222198,1.17930448055267,1.16718208789825,1.17938566207886,1.20195424556732,1.21992552280426
Finland,FIN,Control of Corruption: Estimate,CC.EST,2.20687246322632,2.19966173171997,2.36823558807373,2.36900973320007,2.3741238117218,2.41011142730713,2.3147189617157,2.45411086082458,2.38947749137878,2.32084584236145,2.24071860313416,2.15166974067688,2.1919150352478,2.22684669494629,2.20024275779724,2.15926671028137,2.2156457901001,2.18630695343018,2.16233658790588,2.17175912857056,2.11393284797668,2.17043972015381,2.23784065246582,2.24686503410339,2.22151660919189
Finland,FIN,Government Effectiveness: Estimate,GE.EST,1.72499644756317,1.94985711574554,2.02971863746643,2.09640264511108,2.19400310516357,2.14761972427368,2.12453174591064,2.1676173210144,1.96812081336975,2.04124021530151,2.22546005249023,2.22388696670532,2.23519229888916,2.2103111743927,2.18062210083008,2.02504563331604,1.84316194057465,1.84161901473999,1.9772777557373,2.01387786865234,1.97280502319336,1.90100395679474,1.91831088066101,1.75458240509033,1.73860657215118
Finland,FIN,Political Stability and Absence of Violence/Terrorism: Estimate,PV.EST,1.41271877288818,1.47338783740997,1.72011208534241,1.7531840801239,1.6870174407959,1.61962687969208,1.59494686126709,1.50111103057861,1.48869705200195,1.44586837291718,1.45967149734497,1.42360687255859,1.39347100257874,1.40076518058777,1.38517248630524,1.28219723701477,1.02799820899963,0.982591867446899,1.06380820274353,0.891889691352844,0.835258841514587,0.981825113296509,0.963275969028473,0.894830107688904,0.713986694812775
Finland,FIN,Regulatory Quality: Estimate,RQ.EST,1.54816102981567,1.76138758659363,1.78254592418671,1.81565344333649,1.82632374763489,1.78043079376221,1.66158723831177,1.60181975364685,1.54888129234314,1.61093139648438,1.80945932865143,1.87310171127319,1.81332981586456,1.8215891122818,1.84167218208313,1.87765765190125,1.8257349729538,1.80655252933502,1.81227469444275,1.77911019325256,1.84047222137451,1.85089826583862,1.88712561130524,1.77915287017822,1.76514935493469
Finland,FIN,Rule of Law: Estimate,RL.EST,1.90792155265808,1.95207500457764,1.95340764522552,1.90388894081116,1.95863425731659,1.93988859653473,1.95094156265259,1.95951342582703,1.89684998989105,1.91038119792938,1.9625688791275,1.96125268936157,1.93953800201416,1.94403350353241,1.95568263530731,2.1247615814209,2.05303645133972,2.00771570205688,2.02406764030457,2.03439903259277,2.01262903213501,2.01859211921692,2.01347613334656,1.95789980888367,1.96704590320587
Finland,FIN,Voice and Accountability: Estimate,VA.EST,1.517697930336,1.46729826927185,1.59303331375122,1.55290365219116,1.57245707511902,1.78360843658447,1.68709695339203,1.4940721988678,1.4602267742157,1.46308124065399,1.46526706218719,1.48671269416809,1.50755143165588,1.60069715976715,1.5736231803894,1.54184234142303,1.54369699954987,1.53210496902466,1.5595486164093,1.58935248851776,1.56299781799316,1.6095118522644,1.60936939716339,1.60676980018616,1.63263607025146
France,FRA,Control of Corruption: Estimate,CC.EST,1.24740922451019,1.35077285766602,1.32172358036041,1.19158518314362,1.30575609207153,1.31116378307343,1.3575382232666,1.45506083965302,1.45600175857544,1.39503479003906,1.4299693107605,1.48775613307953,1.53777325153351,1.4719694852829,1.30433368682861,1.2879855632782,1.24783480167389,1.32828891277313,1.22452700138092,1.28155159950256,1.24806225299835,1.12261998653412,1.28193628787994,1.25943613052368,1.18482184410095
France,FRA,Government Effectiveness: Estimate,GE.EST,1.25185739994049,1.45350337028503,1.63705730438232,1.54408168792725,1.6510945558548,1.75563025474548,1.66645479202271,1.62847626209259,1.46457493305206,1.57403433322906,1.47705447673798,1.46266102790833,1.39230680465698,1.37338125705719,1.48205244541168,1.41287088394165,1.41732227802277,1.38062357902527,1.30890679359436,1.41971850395203,1.33822000026703,1.2042510509491,1.22854030132294,1.16521215438843,1.14462625980377
France,FRA,Political Stability and Absence of Violence/Terrorism: Estimate,PV.EST,0.887499451637268,0.698888778686523,0.785089075565338,0.924183249473572,0.179551064968109,0.345115303993225,0.399723917245865,0.595505774021149,0.563000798225403,0.543759167194366,0.512012898921967,0.681087553501129,0.602992832660675,0.554941534996033,0.448744118213654,0.300568491220474,0.0977598056197166,-0.106349594891071,0.265701532363892,0.013894104398787,0.271341234445572,0.280992835760117,0.325612366199493,0.393339216709137,0.343697965145111
France,FRA,Regulatory Quality: Estimate,RQ.EST,1.04877638816833,0.825750648975372,0.914936780929565,0.975888848304749,1.21546447277069,1.21646451950073,1.24496161937714,1.23982167243958,1.28756642341614,1.28425264358521,1.21470284461975,1.31016075611115,1.15604257583618,1.12417411804199,1.14989483356476,1.07406842708588,1.11580765247345,1.05861842632294,1.14648473262787,1.1474986076355,1.43153774738312,1.18946194648743,1.23037326335907,1.1889523267746,1.15350544452667
France,FRA,Rule of Law: Estimate,RL.EST,1.48368334770203,1.36451578140259,1.43230748176575,1.21287262439728,1.33328890800476,1.42519283294678,1.40783047676086,1.46217286586761,1.45637440681458,1.49627375602722,1.44575703144073,1.49973154067993,1.42973482608795,1.43693244457245,1.40236282348633,1.45350301265717,1.36679553985596,1.35156190395355,1.39806187152863,1.39622473716736,1.37148487567902,1.29872727394104,1.25916755199432,1.18058335781097,1.18057084083557
France,FRA,Voice and Accountability: Estimate,VA.EST,1.3111584186554,1.17178165912628,1.18298661708832,1.15434229373932,1.12266278266907,1.45645833015442,1.476771235466,1.29872286319733,1.2597668170929,1.30479431152344,1.24453508853912,1.20285654067993,1.17066836357117,1.23810577392578,1.21920275688171,1.21813237667084,1.20674192905426,1.13691318035126,1.15271818637848,1.1575254201889,1.11500012874603,1.06575298309326,1.10422718524933,1.11015677452087,1.15460133552551
Germany,DEU,Control of Corruption: Estimate,CC.EST,1.90521681308746,1.99794685840607,1.80154538154602,1.88874363899231,1.87576138973236,1.84006547927856,1.87544226646423,1.79364252090454,1.72651934623718,1.74589586257935,1.74621033668518,1.76642882823944,1.74194991588593,1.81763017177582,1.79800081253052,1.81229484081268,1.7758332490921,1.78129398822784,1.79697561264038,1.89839863777161,1.86510336399078,1.82534158229828,1.7829247713089,1.81836342811584,1.66416621208191
Germany,DEU,Government Effectiveness: Estimate,GE.EST,1.7246767282486,1.81250166893005,1.80453169345856,1.66001808643341,1.35740518569946,1.46714746952057,1.5005247592926,1.64597606658936,1.63131237030029,1.51405537128448,1.57510924339294,1.51569378376007,1.50013899803162,1.53097581863403,1.51041460037231,1.6648246049881,1.65639758110046,1.66018795967102,1.61311173439026,1.52356374263763,1.49534583091736,1.31368815898895,1.28911292552948,1.28929960727692,1.18541669845581
Germany,DEU,Political Stability and Absence of Violence/Terrorism: Estimate,PV.EST,1.28849947452545,1.24214780330658,1.41133570671082,1.09601747989655,0.577859222888947,0.638884365558624,0.888915359973907,1.02506959438324,0.995823800563812,0.943830788135529,0.859902501106262,0.796834468841553,0.842218458652496,0.775621294975281,0.92798388004303,0.925186455249786,0.687514960765839,0.667541146278381,0.574381291866302,0.577865242958069,0.548539876937866,0.645049154758453,0.725788176059723,0.628491878509521,0.586989283561707
Germany,DEU,Regulatory Quality: Estimate,RQ.EST,1.48148429393768,1.23130452632904,1.45614349842072,1.51094317436218,1.50187790393829,1.46957302093506,1.51510655879974,1.56890881061554,1.61616551876068,1.48888456821442,1.51645278930664,1.57068610191345,1.54886770248413,1.52908289432526,1.54434037208557,1.69703912734985,1.71191465854645,1.8065539598465,1.77526342868805,1.75632679462433,1.71493887901306,1.57793474197388,1.62516117095947,1.52229499816895,1.45697498321533
Germany,DEU,Rule of Law: Estimate,RL.EST,1.60952925682068,1.62198948860168,1.60941886901855,1.63438987731934,1.6375846862793,1.62020444869995,1.65219819545746,1.77008616924286,1.75559067726135,1.73402619361877,1.64867222309113,1.63750469684601,1.61821925640106,1.66923201084137,1.64198386669159,1.85020470619202,1.75914001464844,1.58330154418945,1.5740704536438,1.59137535095215,1.5813193321228,1.52012777328491,1.5718047618866,1.53199517726898,1.55120778083801
Germany,DEU,Voice and Accountability: Estimate,VA.EST,1.32889533042908,1.29188847541809,1.31480205059052,1.41403138637543,1.41355431079865,1.4960401058197,1.48583388328552,1.3652309179306,1.33647847175598,1.33677780628204,1.33496069908142,1.29778325557709,1.34921073913574,1.39373803138733,1.40613043308258,1.43629622459412,1.42213714122772,1.3646674156189,1.43248081207275,1.44311714172363,1.35402822494507,1.37390911579132,1.41956698894501,1.41448700428009,1.46138572692871
Greece,GRC,Control of Corruption: Estimate,CC.EST,0.338654190301895,0.755532085895538,0.631434977054596,0.403180629014969,0.363324075937271,0.450190424919128,0.351383656263351,0.357532441616058,0.261930704116821,0.126674965023994,0.0628989040851593,-0.0625116676092148,-0.101170934736729,-0.19037801027298,-0.0754430443048477,-0.136098176240921,-0.119139403104782,-0.13452722132206,-0.112043097615242,-0.0562080480158329,0.0136982277035713,0.0319508388638496,0.183011442422867,0.0375978611409664,0.0978469252586365
Greece,GRC,Government Effectiveness: Estimate,GE.EST,0.837555170059204,0.736908495426178,0.587037920951843,0.776045680046082,0.703846335411072,0.785955905914307,0.709748506546021,0.629231572151184,0.551828980445862,0.577969372272491,0.615196585655212,0.492912799119949,0.451953709125519,0.276448935270309,0.357173413038254,0.298027336597443,0.145935848355293,0.124417319893837,0.239155456423759,0.25846466422081,0.314295798540115,0.402936995029449,0.406026542186737,0.446967661380768,0.148003026843071
Greece,GRC,Political Stability and Absence of Violence/Terrorism: Estimate,PV.EST,0.553863883018494,0.771396815776825,0.808356404304504,0.872591853141785,0.477636367082596,0.489336252212524,0.50652414560318,0.630432784557343,0.523507833480835,0.267854154109955,-0.208124294877052,-0.12720687687397,-0.0986951887607574,-0.217248693108559,-0.171341717243195,-0.140445962548256,-0.235559731721878,-0.129703640937805,-0.0812440440058708,0.153979063034058,0.162428334355354,0.115181528031826,0.10138326883316,0.106463775038719,0.239744067192078
Greece,GRC,Regulatory Quality: Estimate,RQ.EST,0.537135064601898,0.577563285827637,0.736641585826874,0.946032047271729,0.987252712249756,0.836224496364594,0.958650231361389,0.857742309570312,0.894383370876312,0.881061792373657,0.834921479225159,0.642821490764618,0.492343783378601,0.521992683410645,0.628217577934265,0.326164484024048,0.391890466213226,0.135288879275322,0.22380830347538,0.402087926864624,0.517325818538666,0.53649765253067,0.426903694868088,0.464378982782364,0.578935325145721
Greece,GRC,Rule of Law: Estimate,RL.EST,1.05352365970612,0.775670349597931,0.861044526100159,0.723845243453979,0.789709985256195,0.89913421869278,0.784953773021698,0.863401472568512,0.859287738800049,0.853603005409241,0.646844327449799,0.583895683288574,0.533327162265778,0.388231575489044,0.467316538095474,0.373986780643463,0.252492129802704,0.112394168972969,0.0502666123211384,0.113017320632935,0.158072605729103,0.288973033428192,0.321165591478348,0.325134873390198,0.213158577680588
Greece,GRC,Voice and Accountability: Estimate,VA.EST,1.00316429138184,1.10321736335754,1.01306200027466,1.0480192899704,1.15667390823364,1.19141495227814,1.09756934642792,0.965482771396637,0.983873903751373,0.928211510181427,0.891443252563477,0.897718012332916,0.820455014705658,0.700790524482727,0.687213718891144,0.618707537651062,0.651585519313812,0.668896377086639,0.658747911453247,0.741765856742859,0.810683846473694,0.962944686412811,0.945290207862854,0.956881701946259,1.01216721534729
Hungary,HUN,Control of Corruption: Estimate,CC.EST,0.666908204555511,0.732710957527161,0.720579922199249,0.574014663696289,0.63568913936615,0.665135562419891,0.625532269477844,0.633171617984772,0.595291078090668,0.434097021818161,0.395329833030701,0.303954064846039,0.332649558782578,0.298703163862228,0.293921649456024,0.156544849276543,0.118709452450275,0.0721640735864639,0.0906213447451591,0.0553392209112644,0.0306371729820967,0.0689540952444077,0.0119548495858908,-0.103261694312096,-0.0004981306265108
Hungary,HUN,Government Effectiveness: Estimate,GE.EST,0.863268733024597,0.936182856559753,0.999929845333099,0.991949141025543,0.827253758907318,0.801826775074005,0.7481929063797,0.839411973953247,0.691066801548004,0.695977866649628,0.66804838180542,0.644822657108307,0.65021163225174,0.608617842197418,0.678418397903442,0.582895636558533,0.509736955165863,0.457127034664154,0.481280267238617,0.443152636289597,0.450478911399841,0.538535594940186,0.596821069717407,0.533869922161102,0.372758895158768
Hungary,HUN,Political Stability and Absence of Violence/Terrorism: Estimate,PV.EST,1.00668895244598,1.21940362453461,0.918442904949188,1.26067221164703,1.13186395168304,0.82829761505127,1.00310039520264,0.985676109790802,0.747096717357635,0.750263869762421,0.536816298961639,0.685783743858337,0.743254065513611,0.675794780254364,0.796646118164062,0.669904828071594,0.737792491912842,0.64338093996048,0.796200513839722,0.737591445446014,0.761921286582947,0.83704686164856,0.798591256141663,0.678676307201385,0.731891810894012
Hungary,HUN,Regulatory Quality: Estimate,RQ.EST,0.850572764873505,0.960597097873688,1.04222512245178,1.25909173488617,1.11896371841431,1.16811418533325,1.04747343063354,1.20098865032196,1.20607209205627,1.17410326004028,1.08185982704163,1.01445388793945,1.02754545211792,0.982062160968781,0.899946391582489,0.747946262359619,0.750261425971985,0.590769052505493,0.637029111385345,0.563642382621765,0.592322170734406,0.469366848468781,0.485284149646759,0.406537681818008,0.318309366703033
Hungary,HUN,Rule of Law: Estimate,RL.EST,0.910500645637512,0.813627004623413,0.832505941390991,0.868621826171875,0.805350184440613,0.846134841442108,0.838809192180634,0.976617097854614,0.941449284553528,0.913386523723602,0.771155953407288,0.77266937494278,0.756602585315704,0.611102879047394,0.583020031452179,0.509202778339386,0.382024466991425,0.413626253604889,0.537432312965393,0.5550696849823,0.498684227466583,0.492385804653168,0.505373418331146,0.422067135572433,0.427084535360336
Hungary,HUN,Voice and Accountability: Estimate,VA.EST,1.0152370929718,1.0704607963562,1.13526666164398,1.15602231025696,1.16738212108612,1.1494140625,1.17518937587738,1.01504075527191,1.04105567932129,0.965708434581757,0.909724354743958,0.894237220287323,0.836973130702972,0.749367654323578,0.737164616584778,0.553214013576508,0.560090661048889,0.402424246072769,0.537440478801727,0.487892836332321,0.343573540449142,0.390373110771179,0.397480607032776,0.425347447395325,0.35952889919281
Ireland,IRL,Control of Corruption: Estimate,CC.EST,1.70890808105469,1.54505217075348,1.38453423976898,1.36862599849701,1.41381525993347,1.27040612697601,1.58444654941559,1.70114398002625,1.7392373085022,1.73599350452423,1.75030028820038,1.68115770816803,1.55607664585114,1.45570015907288,1.64604413509369,1.69225120544434,1.67364001274109,1.64945268630981,1.52960228919983,1.5349406003952,1.4588143825531,1.53512811660767,1.61938548088074,1.67441475391388,1.5752888917923
Ireland,IRL,Government Effectiveness: Estimate,GE.EST,1.67031967639923,1.73684322834015,1.59273290634155,1.57149362564087,1.49655044078827,1.51924753189087,1.73055720329285,1.53167414665222,1.55425381660461,1.49149310588837,1.33218801021576,1.34430372714996,1.45015203952789,1.53906953334808,1.50404286384583,1.59883308410645,1.52084052562714,1.32955777645111,1.26728880405426,1.37824308872223,1.2575615644455,1.43524384498596,1.46342539787292,1.5485702753067,1.59114551544189
Ireland,IRL,Political Stability and Absence of Violence/Terrorism: Estimate,PV.EST,1.34345364570618,1.51291000843048,1.58410012722015,1.50421679019928,1.34845769405365,1.17082571983337,1.29866683483124,1.19241058826447,1.21519267559052,1.18687438964844,1.05736601352692,1.02016532421112,0.948998928070068,0.941072702407837,0.901075720787048,1.05299115180969,0.89533257484436,0.833849668502808,0.993410110473633,1.01136958599091,0.959416449069977,0.965521574020386,0.843662619590759,0.88466739654541,0.901911556720734
Ireland,IRL,Regulatory Quality: Estimate,RQ.EST,1.51272976398468,1.63800525665283,1.78177714347839,1.71949744224548,1.5846620798111,1.56711328029633,1.48796188831329,1.83704507350922,1.85081696510315,1.91425919532776,1.69592678546906,1.61843299865723,1.59480214118958,1.56388533115387,1.57406163215637,1.75873184204102,1.80811500549316,1.72934794425964,1.57530915737152,1.61936497688293,1.59087955951691,1.4674471616745,1.55254113674164,1.63956081867218,1.74936389923096
Ireland,IRL,Rule of Law: Estimate,RL.EST,1.50104010105133,1.59148979187012,1.53968262672424,1.5953254699707,1.48246681690216,1.51067984104156,1.58428418636322,1.70889830589294,1.72822141647339,1.70412838459015,1.74309933185577,1.76081323623657,1.74646854400635,1.7272036075592,1.70915448665619,1.76058638095856,1.72836124897003,1.46621227264404,1.38122129440308,1.41250944137573,1.34828162193298,1.45630073547363,1.49300801753998,1.52677750587463,1.63358354568481
Ireland,IRL,Voice and Accountability: Estimate,VA.EST,1.38243699073792,1.3557049036026,1.4082487821579,1.27081513404846,1.27646601200104,1.47755229473114,1.62385451793671,1.39654088020325,1.39714181423187,1.42259049415588,1.35357344150543,1.32443165779114,1.3053605556488,1.32252132892609,1.31168913841248,1.31748867034912,1.33476042747498,1.2911810874939,1.29467368125916,1.29576563835144,1.3032408952713,1.38936042785645,1.41767168045044,1.45429503917694,1.48345601558685
Italy,ITA,Control of Corruption: Estimate,CC.EST,0.407847583293915,0.490962475538254,0.699464857578278,0.523466825485229,0.48460641503334,0.36139702796936,0.403579652309418,0.477287948131561,0.33118924498558,0.262665063142776,0.194480165839195,0.283443719148636,0.299565821886063,0.172010645270348,0.070905864238739,0.0056577529758215,0.0265776235610247,0.0815546959638596,0.175231233239174,0.215687438845634,0.233934670686722,0.509535729885101,0.517084956169128,0.527714252471924,0.550129175186157
Italy,ITA,Government Effectiveness: Estimate,GE.EST,0.840325474739075,0.829069972038269,0.72274261713028,0.753255426883698,0.743869483470917,0.628187000751495,0.556203484535217,0.35609769821167,0.191648334264755,0.272778868675232,0.417277067899704,0.467300355434418,0.403479129076004,0.447511166334152,0.532426714897156,0.472872227430344,0.49019667506218,0.544244647026062,0.491924196481705,0.408853262662888,0.450929790735245,0.360754579305649,0.325260877609253,0.448645293712616,0.611036896705627
Italy,ITA,Political Stability and Absence of Violence/Terrorism: Estimate,PV.EST,1.11038541793823,1.192702293396,0.916669428348541,0.838429808616638,0.431488335132599,0.269257694482803,0.489115536212921,0.5307337641716,0.446970045566559,0.547544240951538,0.346905887126923,0.473923683166504,0.501207411289215,0.508217513561249,0.495499193668365,0.458165407180786,0.363257199525833,0.355933427810669,0.292910486459732,0.326271682977676,0.381114274263382,0.399345397949219,0.550520956516266,0.466298222541809,0.583320736885071
Italy,ITA,Regulatory Quality: Estimate,RQ.EST,0.855295658111572,0.711156845092773,0.791893303394318,0.904300689697266,1.04489135742188,1.08458256721497,0.996279656887054,0.976830065250397,0.940306901931763,0.974892854690552,0.96655398607254,0.894350588321686,0.713232815265656,0.744578301906586,0.778938114643097,0.638065695762634,0.712536931037903,0.697884500026703,0.691279470920563,0.715148270130157,0.942923724651337,0.487740814685822,0.526738524436951,0.510931491851807,0.644031763076782
Italy,ITA,Rule of Law: Estimate,RL.EST,1.05642402172089,0.801862299442291,0.83810555934906,0.740141987800598,0.688429892063141,0.590003907680511,0.509243011474609,0.379006385803223,0.467548191547394,0.447921454906464,0.399145483970642,0.454773187637329,0.483442842960358,0.425940155982971,0.436259418725967,0.422147244215012,0.288353830575943,0.366415023803711,0.319133818149567,0.240623876452446,0.272417157888412,0.206682667136192,0.240348026156425,0.296974033117294,0.390358686447144
Italy,ITA,Voice and Accountability: Estimate,VA.EST,1.12929081916809,1.06397449970245,1.04071915149689,1.03865301609039,0.985716998577118,1.17716777324677,1.05702924728394,1.06452357769012,1.11190748214722,1.03202378749847,1.03421604633331,0.962826371192932,0.911823928356171,0.916809260845184,0.954193353652954,0.999258756637573,1.03490507602692,1.03519976139069,0.990754127502441,0.963442385196686,0.905108034610748,1.05461311340332,1.08431649208069,1.07431793212891,1.11553084850311
Latvia,LVA,Control of Corruption: Estimate,CC.EST,-0.203338757157326,0.14405956864357,-0.0419168248772621,0.0108463577926159,0.242927804589272,0.153246521949768,0.367340832948685,0.356723546981812,0.338474422693253,0.230154260993004,0.202161014080048,0.203808978199959,0.279343724250793,0.238223135471344,0.321280241012573,0.40977743268013,0.434054464101791,0.395586460828781,0.500998258590698,0.297239780426025,0.48045802116394,0.693109571933746,0.720612168312073,0.693807184696198,0.698113977909088
Latvia,LVA,Government Effectiveness: Estimate,GE.EST,0.48545891046524,0.187779128551483,0.209914907813072,0.486781418323517,0.598321139812469,0.574418246746063,0.529817044734955,0.654658257961273,0.42527824640274,0.521047174930573,0.619090795516968,0.722773253917694,0.689273953437805,0.828348100185394,0.87935084104538,0.950847923755646,1.05340993404388,0.965538024902344,0.865553975105286,1.00028502941132,1.06574690341949,0.838092744350433,0.832942485809326,0.69153767824173,0.696560978889465
Latvia,LVA,Political Stability and Absence of Violence/Terrorism: Estimate,PV.EST,0.561403095722198,0.0337703004479408,0.419434159994125,0.94435715675354,1.00164318084717,0.616755247116089,0.814021408557892,0.838368713855743,0.561930537223816,0.203508123755455,0.348279803991318,0.527854025363922,0.320002138614655,0.453626722097397,0.593635261058807,0.487268358469009,0.436310410499573,0.467219561338425,0.452954679727554,0.395444005727768,0.426870435476303,0.462181746959686,0.673440217971802,0.48640912771225,0.591089129447937
Latvia,LVA,Regulatory Quality: Estimate,RQ.EST,0.9041388630867,0.839186370372772,0.696230709552765,0.88353967666626,0.954042315483093,0.921956717967987,0.874489903450012,0.933780431747437,0.954827308654785,0.966387450695038,0.922658324241638,0.928532481193542,0.954886913299561,1.01062679290771,1.03710293769836,1.16674530506134,1.07482004165649,1.06869256496429,1.1448187828064,1.13444352149963,1.1824791431427,1.18040430545807,1.21610343456268,1.17088675498962,1.17222261428833
Latvia,LVA,Rule of Law: Estimate,RL.EST,0.133667781949043,0.236508294939995,0.148901090025902,0.310219883918762,0.581859409809113,0.538846015930176,0.565877914428711,0.616893529891968,0.715804815292358,0.777326226234436,0.789916634559631,0.758604049682617,0.740168809890747,0.779922068119049,0.762152135372162,0.870915234088898,0.766673684120178,0.927819967269897,0.900835394859314,0.923180341720581,0.979084551334381,0.92213636636734,0.949516475200653,0.921031415462494,1.03986096382141
Latvia,LVA,Voice and Accountability: Estimate,VA.EST,0.72334748506546,0.82843679189682,0.742288053035736,0.837780058383942,0.767004191875458,0.700535595417023,0.781813085079193,0.846699059009552,0.828915297985077,0.780786275863647,0.849935352802277,0.79424387216568,0.736775279045105,0.775515556335449,0.770385980606079,0.849420309066772,0.846579790115356,0.842499852180481,0.797488391399384,0.792210936546326,0.855535626411438,0.868685662746429,0.89630264043808,0.937443792819977,0.993027687072754
Lithuania,LTU,Control of Corruption: Estimate,CC.EST,0.421002686023712,0.301575392484665,0.370262295007706,0.208880379796028,0.353011250495911,0.369521200656891,0.311570793390274,0.155884757637978,0.10320233553648,0.112552218139172,0.226648017764091,0.37242180109024,0.319815337657928,0.386670023202896,0.418842434883118,0.553396463394165,0.582566559314728,0.676383554935455,0.518651902675629,0.466041952371597,0.666305541992188,0.778560698032379,0.824572265148163,0.746974110603333,0.781545519828796
Lithuania,LTU,Government Effectiveness: Estimate,GE.EST,0.527473866939545,0.309278875589371,0.0986325070261955,0.494154572486877,0.729680180549622,0.691371083259583,0.755011320114136,0.716516494750977,0.655761361122131,0.561739921569824,0.689942300319672,0.738227605819702,0.698798894882202,0.826729953289032,0.8258997797966,0.977036237716675,1.15046727657318,1.03285944461823,0.929402828216553,1.0314474105835,1.00766611099243,1.0149097442627,1.01744949817657,0.993961572647095,1.05012118816376
Lithuania,LTU,Political Stability and Absence of Violence/Terrorism: Estimate,PV.EST,0.524631857872009,0.429658591747284,0.428785473108292,0.893210649490356,1.05018544197083,0.766004860401154,0.779100298881531,0.870995998382568,0.817851543426514,0.746765077114105,0.631581246852875,0.715260624885559,0.671200335025787,0.786209881305695,0.964532315731049,0.742136418819427,0.749750256538391,0.8147212266922,0.765565991401672,0.729236841201782,0.770623564720154,0.92147696018219,0.809846818447113,0.653032541275024,0.742111504077911
Lithuania,LTU,Regulatory Quality: Estimate,RQ.EST,1.07694089412689,0.916048109531403,0.714432060718536,1.07702922821045,1.03829526901245,1.05815160274506,0.936665177345276,0.973231792449951,1.01003611087799,1.04217767715454,0.951837956905365,0.960122764110565,0.926461577415466,1.117751121521,1.14700925350189,1.18876838684082,1.26380932331085,1.12458479404449,1.14623475074768,1.09371483325958,1.14662408828735,1.08017456531525,1.2701860666275,1.29888129234314,1.33804214000702
Lithuania,LTU,Rule of Law: Estimate,RL.EST,0.449879705905914,0.552288770675659,0.218402534723282,0.397895067930222,0.485247015953064,0.560759305953979,0.577139496803284,0.706575036048889,0.685900151729584,0.684017598628998,0.722068607807159,0.776326060295105,0.768031179904938,0.844753980636597,0.829998910427094,0.937465846538544,0.97820919752121,0.996741414070129,0.961514294147491,0.923098206520081,0.985989809036255,0.94848245382309,1.07464647293091,1.06033229827881,1.26719617843628
Lithuania,LTU,Voice and Accountability: Estimate,VA.EST,0.977103769779205,0.936354219913483,0.855439901351929,0.904892265796661,0.920530557632446,0.88249409198761,0.902132928371429,0.861287593841553,0.886551916599274,0.849656224250793,0.902184903621674,0.915654838085175,0.860525906085968,0.92950963973999,0.940006256103516,0.961604714393616,0.973996102809906,1.00021350383759,0.986630260944366,0.901560366153717,0.994787633419037,1.00418090820312,1.03033602237701,1.06778585910797,1.07111299037933
Luxembourg,LUX,Control of Corruption: Estimate,CC.EST,1.95137453079224,1.88688313961029,1.98398292064667,2.01014494895935,1.64305710792542,1.82256400585175,1.64741575717926,1.87307953834534,1.96152448654175,1.9571373462677,1.96353781223297,2.03858494758606,2.15315341949463,2.1143639087677,2.11570620536804,2.06915903091431,2.05351066589355,2.04989457130432,1.94112145900726,2.04803919792175,2.07247686386108,2.02369952201843,1.84092938899994,1.88359045982361,1.92665910720825
Luxembourg,LUX,Government Effectiveness: Estimate,GE.EST,1.95973467826843,1.96349668502808,1.89046895503998,1.97525644302368,1.85602164268494,1.87731623649597,1.77208602428436,1.56682622432709,1.5860413312912,1.61668634414673,1.74351441860199,1.71641802787781,1.74265909194946,1.66362190246582,1.62242209911346,1.64794015884399,1.69270300865173,1.65589165687561,1.64544296264648,1.73641335964203,1.69548451900482,1.79238891601562,1.67725694179535,1.77222788333893,1.91421329975128
Luxembourg,LUX,Political Stability and Absence of Violence/Terrorism: Estimate,PV.EST,1.38130235671997,1.38531887531281,1.60547471046448,1.63791656494141,1.44070816040039,1.31543505191803,1.33164858818054,1.3998988866806,1.48371803760529,1.51193952560425,1.45038175582886,1.46121859550476,1.31742680072784,1.33191883563995,1.33524811267853,1.37832379341125,1.42636823654175,1.40361714363098,1.3128936290741,1.34749054908752,1.3333135843277,1.21248233318329,1.19407951831818,1.06439006328583,1.05400168895721
Luxembourg,LUX,Regulatory Quality: Estimate,RQ.EST,1.75741672515869,1.49116849899292,1.84944641590118,1.86433672904968,1.78860485553741,1.78424465656281,1.63860869407654,1.67486965656281,1.73761868476868,1.65803468227386,1.64333391189575,1.67390942573547,1.85898303985596,1.75988602638245,1.77097725868225,1.6250411272049,1.64557504653931,1.71001076698303,1.68195748329163,1.7491340637207,1.68511009216309,1.83817708492279,1.90669333934784,1.83396697044373,1.92906320095062
Luxembourg,LUX,Rule of Law: Estimate,RL.EST,1.70999908447266,1.76372754573822,1.81531381607056,1.87056970596313,1.82702851295471,1.84497785568237,1.81880056858063,1.6867743730545,1.74790990352631,1.78934144973755,1.81968367099762,1.84410035610199,1.82353007793427,1.79168510437012,1.80755913257599,1.901979804039,1.83813381195068,1.71983742713928,1.69909048080444,1.76795589923859,1.74955821037292,1.73590040206909,1.74762201309204,1.76851046085358,1.75243473052979
Luxembourg,LUX,Voice and Accountability: Estimate,VA.EST,1.54998731613159,1.52492868900299,1.51018667221069,1.40829694271088,1.53309559822083,1.66827726364136,1.58191788196564,1.54720115661621,1.53769946098328,1.54557907581329,1.55508053302765,1.57483577728271,1.60453939437866,1.64990067481995,1.63103139400482,1.55458557605743,1.54696607589722,1.50075507164001,1.52224540710449,1.5432368516922,1.49186420440674,1.49746370315552,1.49557614326477,1.54147458076477,1.63266289234161
Malta,MLT,Control of Corruption: Estimate,CC.EST,0.478994995355606,0.527767419815063,0.92176079750061,0.774747252464294,0.918518543243408,0.831408500671387,0.816374123096466,1.00268542766571,1.01598310470581,0.987337589263916,0.76673024892807,0.78482449054718,0.758895993232727,0.935569167137146,0.97623074054718,0.846630215644836,0.8642418384552,0.683730661869049,0.703656733036041,0.547124087810516,0.209994375705719,0.342483103275299,0.292902559041977,0.238765001296997,0.10974658280611
Malta,MLT,Government Effectiveness: Estimate,GE.EST,0.927289664745331,0.892576634883881,1.05050778388977,1.05014824867249,0.879186868667603,0.779151678085327,0.817258954048157,1.0186265707016,1.19997453689575,1.27120995521545,1.16994321346283,1.18747317790985,1.18965113162994,1.24083888530731,1.25139141082764,1.02343165874481,0.81887686252594,0.920882403850555,0.968723773956299,0.930900931358337,0.824169158935547,0.99406486749649,0.853116869926453,0.804084479808807,0.397335052490234
Malta,MLT,Political Stability and Absence of Violence/Terrorism: Estimate,PV.EST,1.32520198822021,1.42638552188873,1.58620870113373,1.59826338291168,1.547776222229,1.31764233112335,1.38035714626312,1.23125755786896,1.26963186264038,1.27317667007446,1.24936008453369,1.25345623493195,1.06393671035767,1.06507515907288,1.04275786876678,1.12549698352814,1.05367743968964,1.06645977497101,1.23830890655518,1.27164912223816,1.01364505290985,0.99847799539566,0.887514472007751,0.911014318466187,0.858121693134308
Malta,MLT,Regulatory Quality: Estimate,RQ.EST,0.967723608016968,1.01216387748718,1.10015058517456,1.06088125705719,1.14879059791565,1.12459182739258,1.0603232383728,1.1148647069931,1.14441573619843,1.20197856426239,1.36444461345673,1.42860507965088,1.33432626724243,1.32131969928741,1.29071772098541,1.07836270332336,1.1539055109024,1.14384472370148,1.27156889438629,1.32744300365448,0.938031852245331,1.21012890338898,0.801096200942993,0.674093782901764,0.687359094619751
Malta,MLT,Rule of Law: Estimate,RL.EST,1.05396950244904,1.2612122297287,1.3641529083252,1.47494268417358,1.53995966911316,1.31331741809845,1.41586935520172,1.55562663078308,1.61292576789856,1.6136599779129,1.47365593910217,1.41011226177216,1.27858006954193,1.33850824832916,1.32581269741058,1.19110727310181,1.1067533493042,0.968909025192261,1.11296081542969,1.01997232437134,0.921630799770355,0.883726119995117,0.835411548614502,0.785654842853546,0.702327609062195
Malta,MLT,Voice and Accountability: Estimate,VA.EST,1.16631174087524,1.13685023784637,1.19157075881958,1.16790759563446,1.34463798999786,1.37272918224335,1.23385429382324,1.20378243923187,1.2426346540451,1.24973607063293,1.15272116661072,1.16721260547638,1.1433470249176,1.16538798809052,1.15649199485779,1.18419134616852,1.20284688472748,1.19653582572937,1.17123138904572,1.10109639167786,1.08007621765137,1.11851668357849,1.0709707736969,1.08086717128754,0.913654506206512
Netherlands,NLD,Control of Corruption: Estimate,CC.EST,2.0818977355957,2.08959698677063,2.13800668716431,2.06836199760437,1.99590289592743,1.97551548480988,1.96084868907928,2.0405261516571,2.15947222709656,2.1027684211731,2.12415862083435,2.09006071090698,2.08139801025391,2.09058332443237,2.01686978340149,1.96052145957947,1.83337318897247,1.85835075378418,1.74557888507843,1.88914597034454,1.86761248111725,1.99998319149017,2.00424218177795,1.91720008850098,1.86710047721863
Netherlands,NLD,Government Effectiveness: Estimate,GE.EST,1.94293475151062,2.00421094894409,1.9833756685257,1.93344473838806,1.95480120182037,2.07049989700317,1.93773639202118,1.78492248058319,1.72176647186279,1.68715620040894,1.73591732978821,1.77032697200775,1.82099711894989,1.83936905860901,1.80873382091522,1.83546948432922,1.82862544059753,1.82028615474701,1.81402194499969,1.80973696708679,1.76715266704559,1.8052179813385,1.72513651847839,1.57889866828918,1.62553191184998
Netherlands,NLD,Political Stability and Absence of Violence/Terrorism: Estimate,PV.EST,1.52612578868866,1.59480345249176,1.75868117809296,1.30267989635468,1.16180562973022,1.01623916625977,0.98810088634491,0.902736186981201,0.778468787670135,0.86355197429657,0.945019245147705,0.940750122070312,1.11363077163696,1.18746471405029,1.14381539821625,1.04511535167694,0.912540197372437,0.896933197975159,0.907123684883118,0.838281273841858,0.821324944496155,0.830933392047882,0.893059194087982,0.726799547672272,0.658281981945038
Netherlands,NLD,Regulatory Quality: Estimate,RQ.EST,1.84106040000916,1.8627518415451,2.02518129348755,1.81920921802521,1.71816682815552,1.76566171646118,1.65410709381104,1.68260562419891,1.80043852329254,1.77511894702911,1.69705557823181,1.72908127307892,1.80483758449554,1.7455050945282,1.76091754436493,1.76312530040741,1.78769791126251,1.9648460149765,2.04048895835876,2.01364374160767,1.84916996955872,1.74825215339661,1.73918282985687,1.71227204799652,1.79096639156342
Netherlands,NLD,Rule of Law: Estimate,RL.EST,1.69525694847107,1.74252772331238,1.74453032016754,1.7072594165802,1.70947313308716,1.73802030086517,1.7526228427887,1.76974618434906,1.76987528800964,1.74962913990021,1.80702006816864,1.81173205375671,1.81257343292236,1.85268175601959,1.82529842853546,1.973428606987,1.9068900346756,1.84564888477325,1.75830602645874,1.74446511268616,1.73473942279816,1.70633113384247,1.69862735271454,1.65676593780518,1.64250445365906
Netherlands,NLD,Voice and Accountability: Estimate,VA.EST,1.55714535713196,1.56213402748108,1.5439612865448,1.4694139957428,1.52679491043091,1.69660830497742,1.66602003574371,1.53982102870941,1.52343332767487,1.48308551311493,1.46438777446747,1.45056891441345,1.5370477437973,1.60558545589447,1.56690323352814,1.54720866680145,1.56130266189575,1.54080605506897,1.49619734287262,1.49981355667114,1.48359453678131,1.52000570297241,1.48990213871002,1.54713273048401,1.55626440048218
Poland,POL,Control of Corruption: Estimate,CC.EST,0.707913815975189,0.788555204868317,0.695001423358917,0.381513625383377,0.401545792818069,0.106035828590393,0.247518658638,0.256550550460815,0.283813983201981,0.452767491340637,0.435099840164185,0.513736724853516,0.562475681304932,0.659753620624542,0.645680546760559,0.681905627250671,0.694461524486542,0.759568095207214,0.698781192302704,0.622786521911621,0.611018896102905,0.618671596050262,0.546135544776917,0.506645441055298,0.565399944782257
Poland,POL,Government Effectiveness: Estimate,GE.EST,0.681182622909546,0.624520897865295,0.568725228309631,0.454926639795303,0.50964617729187,0.439104020595551,0.446039795875549,0.332138866186142,0.358851343393326,0.462065756320953,0.517221808433533,0.630121886730194,0.596360862255096,0.657871425151825,0.659244894981384,0.768983721733093,0.74108874797821,0.651506066322327,0.550776779651642,0.546892523765564,0.512824833393097,0.324195116758347,0.254306375980377,0.258881956338882,0.421437799930573
Poland,POL,Political Stability and Absence of Violence/Terrorism: Estimate,PV.EST,0.83064466714859,0.838597416877747,0.309305250644684,0.743997812271118,0.578085064888,0.153857663273811,0.363082945346832,0.354031831026077,0.682846009731293,0.911096274852753,0.938135385513306,1.01733005046844,1.07206296920776,1.04947865009308,0.973354995250702,0.842940807342529,0.862319052219391,0.496157646179199,0.509756147861481,0.480488687753677,0.550716519355774,0.491619497537613,0.49190354347229,0.505146443843842,0.559584558010101
Poland,POL,Regulatory Quality: Estimate,RQ.EST,0.724792420864105,0.616440832614899,0.704200506210327,0.650061428546906,0.694821357727051,0.758691430091858,0.812517762184143,0.701598584651947,0.768656671047211,0.844261586666107,0.976622402667999,1.02315878868103,0.958582043647766,0.996395766735077,1.052614569664,1.06331539154053,0.954634428024292,0.906232059001923,0.805140137672424,0.874214768409729,1.01351165771484,0.850681960582733,0.831825613975525,0.717305660247803,0.780193567276001
Poland,POL,Rule of Law: Estimate,RL.EST,0.767495036125183,0.798767924308777,0.633313119411469,0.670436203479767,0.510291218757629,0.41630694270134,0.470091372728348,0.382761627435684,0.409072279930115,0.550622165203094,0.645846784114838,0.712359011173248,0.794908702373505,0.817868530750275,0.839544832706451,0.87160587310791,0.803594648838043,0.593824148178101,0.400895059108734,0.376929372549057,0.391241818666458,0.524749398231506,0.425569206476212,0.428134799003601,0.458741247653961
Poland,POL,Voice and Accountability: Estimate,VA.EST,1.04270124435425,1.08761632442474,1.07567167282104,1.08781957626343,1.01259672641754,1.01662766933441,0.944372296333313,0.803532481193542,0.879502356052399,0.953482151031494,1.02687239646912,1.03761112689972,1.02762770652771,1.06427574157715,0.998090982437134,1.10508847236633,1.03975915908813,0.844245731830597,0.776027858257294,0.710338830947876,0.671802282333374,0.615374743938446,0.579096436500549,0.603501915931702,0.626450896263123
Portugal,PRT,Control of Corruption: Estimate,CC.EST,1.37154483795166,1.25270414352417,1.14826655387878,1.21802008152008,1.11910235881805,1.12566697597504,1.06187832355499,1.00923573970795,1.02880275249481,1.05923020839691,1.08558297157288,1.06266355514526,1.08125162124634,0.955447733402252,0.91217178106308,0.909372627735138,0.892139911651611,0.858934998512268,0.821428775787354,0.806315660476685,0.745498478412628,0.72114634513855,0.741993844509125,0.728919625282288,0.696312069892883
Portugal,PRT,Government Effectiveness: Estimate,GE.EST,1.27418982982635,1.1116589307785,0.972350239753723,1.15235102176666,1.1067943572998,1.04428017139435,1.05113351345062,0.867630779743195,0.894493699073792,1.0773845911026,1.15220522880554,0.981475114822388,0.921245932579041,1.00191485881805,1.19421780109406,0.983170330524445,1.15793454647064,1.14832854270935,1.2940491437912,1.18115174770355,1.13418579101562,0.979601144790649,0.952431321144104,1.00113356113434,0.987550020217896
Portugal,PRT,Political Stability and Absence of Violence/Terrorism: Estimate,PV.EST,1.28603911399841,1.36909055709839,1.39476406574249,1.4370481967926,1.2896888256073,0.969877243041992,1.01664757728577,0.952390611171722,0.821809351444244,0.987546324729919,0.787381768226624,0.717686951160431,0.741739273071289,0.775272607803345,0.74876344203949,0.8062744140625,0.904212951660156,0.958625793457031,1.10616970062256,1.11530721187592,1.05175185203552,1.00873112678528,0.937390148639679,0.795802593231201,0.712578117847443
Portugal,PRT,Regulatory Quality: Estimate,RQ.EST,1.21908187866211,1.08583748340607,0.919032692909241,1.24720525741577,1.22237777709961,1.18724715709686,1.27926909923553,1.06492900848389,1.08140778541565,1.10055077075958,0.989448130130768,0.717936515808105,0.621630489826202,0.821372985839844,0.798301339149475,0.745933353900909,0.941803693771362,0.832201719284058,0.897149801254272,0.874975383281708,0.957910358905792,0.82206916809082,0.724131643772125,0.762673318386078,0.755356550216675
Portugal,PRT,Rule of Law: Estimate,RL.EST,1.2862948179245,1.24264001846313,1.20019292831421,1.30751407146454,1.27625250816345,1.23305141925812,1.22431552410126,0.975267469882965,1.00311207771301,1.01124441623688,1.05841326713562,1.02578413486481,0.996393918991089,1.03611195087433,1.03864598274231,1.11946487426758,1.10189425945282,1.04333281517029,1.10397756099701,1.1079808473587,1.10635912418365,1.15668058395386,1.10502743721008,1.11221826076508,1.06766510009766
Portugal,PRT,Voice and Accountability: Estimate,VA.EST,1.49763286113739,1.43456733226776,1.35786831378937,1.30454540252686,1.40957999229431,1.46491122245789,1.43030512332916,1.23266172409058,1.23142063617706,1.20186388492584,1.12824237346649,1.10720300674438,1.10791051387787,1.02852833271027,1.06688857078552,1.10743820667267,1.12872004508972,1.15758585929871,1.19824862480164,1.17852699756622,1.19454848766327,1.25530016422272,1.24631035327911,1.25769352912903,1.21128296852112
Romania,ROU,Control of Corruption: Estimate,CC.EST,-0.446042686700821,-0.649806618690491,-0.510619759559631,-0.440713196992874,-0.410669893026352,-0.322501838207245,-0.260543018579483,-0.209158509969711,-0.230330780148506,-0.18621614575386,-0.3098004758358,-0.352394610643387,-0.333498507738113,-0.381443470716476,-0.301038712263107,-0.224212571978569,-0.170948252081871,-0.178657218813896,-0.141483217477798,-0.226882994174957,-0.236893355846405,-0.0985997840762138,-0.0613786391913891,0.0164916589856148,0.0404953435063362
Romania,ROU,Government Effectiveness: Estimate,GE.EST,-0.286933869123459,-0.52674263715744,-0.262158989906311,-0.196587815880775,-0.283442199230194,-0.17491602897644,-0.289697855710983,-0.189176306128502,-0.352275401353836,-0.357895225286484,-0.363970696926117,-0.112342447042465,-0.194315671920776,-0.169484630227089,0.134710595011711,0.224672213196754,0.0987904593348503,-0.0682618692517281,-0.0847913026809692,-0.177138328552246,-0.215103924274445,-0.286944448947906,-0.163359016180038,-0.0004623509012162,-0.0926659479737282
Romania,ROU,Political Stability and Absence of Violence/Terrorism: Estimate,PV.EST,0.597966730594635,0.50010222196579,-0.379039525985718,0.464840322732925,0.320030122995377,0.0593486130237579,0.0856026485562325,0.148430079221725,0.198067933320999,0.180609092116356,0.359366297721863,0.273600399494171,0.186090663075447,0.0823415592312813,0.179133072495461,0.0491361282765865,0.181799337267876,0.266823202371597,0.0485141687095165,0.0363187454640865,0.542255997657776,0.508950412273407,0.581789910793304,0.431136310100555,0.373643964529037
Romania,ROU,Regulatory Quality: Estimate,RQ.EST,0.0261181332170963,0.211220115423203,-0.104750372469425,0.0457017906010151,-0.0518503412604332,0.180780634284019,0.242886126041412,0.441958904266357,0.506391942501068,0.597521305084229,0.617714941501617,0.672567009925842,0.687459826469421,0.564533114433289,0.634414732456207,0.600805342197418,0.568357586860657,0.566330015659332,0.433020144701004,0.406415402889252,0.443314433097839,0.346217542886734,0.29227140545845,0.364533066749573,0.318900614976883
Romania,ROU,Rule of Law: Estimate,RL.EST,-0.0219424981623888,-0.110562637448311,-0.18183496594429,-0.265604585409164,-0.210054367780685,-0.186782702803612,-0.154217436909676,-0.134708419442177,-0.105703733861446,-0.0155702503398061,0.053940374404192,0.106409564614296,0.104707606136799,0.0929005369544029,0.190215259790421,0.242155745625496,0.204882144927979,0.45245349407196,0.436648339033127,0.367548227310181,0.415343642234802,0.368689924478531,0.38048443198204,0.403401881456375,0.437425792217255
Romania,ROU,Voice and Accountability: Estimate,VA.EST,0.286023378372192,0.389990568161011,0.469307065010071,0.386146128177643,0.29921892285347,0.367766201496124,0.408908843994141,0.51797342300415,0.498997658491135,0.514151155948639,0.464297264814377,0.432130426168442,0.376137167215347,0.318529605865479,0.311483293771744,0.428103059530258,0.486170291900635,0.541079998016357,0.598848581314087,0.533204734325409,0.515233874320984,0.585118234157562,0.593723952770233,0.566261529922485,0.503180325031281
Slovak Republic,SVK,Control of Corruption: Estimate,CC.EST,0.21805427968502,0.0579891689121723,0.223054468631744,-0.050633929669857,0.280685245990753,0.337021231651306,0.451420694589615,0.375256955623627,0.296645998954773,0.312199145555496,0.265569657087326,0.248165294528008,0.229635804891586,0.0692804977297783,0.0489006824791431,0.121957376599312,0.109913036227226,0.152081429958344,0.0974162742495537,0.230296522378922,0.187729358673096,0.415226489305496,0.210813537240028,0.213295862078667,0.292565286159515
Slovak Republic,SVK,Government Effectiveness: Estimate,GE.EST,0.459862679243088,0.53588730096817,0.673051953315735,0.540845692157745,0.668065965175629,0.817942023277283,0.877272307872772,0.828100264072418,0.690660715103149,0.849099040031433,0.861253201961517,0.781369268894196,0.776584029197693,0.781547546386719,0.725380659103394,0.793422877788544,0.736977159976959,0.793482840061188,0.666439116001129,0.581321477890015,0.54965877532959,0.502145826816559,0.490655839443207,0.378134667873383,0.229512304067612
Slovak Republic,SVK,Political Stability and Absence of Violence/Terrorism: Estimate,PV.EST,0.878931701183319,1.18025457859039,0.663586676120758,0.940030038356781,0.947933495044708,0.593536019325256,0.898072719573975,0.784178674221039,1.03668713569641,1.0821361541748,0.920496821403503,1.05331683158875,0.974757313728333,1.08840095996857,1.11951816082001,1.03912115097046,0.865759432315826,0.708230555057526,0.902731478214264,0.736685812473297,0.667368829250336,0.633981704711914,0.617919027805328,0.445335745811462,0.573219299316406
Slovak Republic,SVK,Regulatory Quality: Estimate,RQ.EST,0.672422051429749,0.496213674545288,0.577808380126953,0.90390557050705,0.913023710250854,1.08342254161835,1.12677228450775,1.08478224277496,0.974188089370728,1.07832753658295,1.04804372787476,0.999186158180237,0.999639213085175,1.04090666770935,0.927780389785767,0.885451793670654,0.772586047649384,0.876968383789062,0.812015295028687,0.798312306404114,0.997581124305725,0.774733364582062,0.866957545280457,0.850252985954285,0.601919114589691
Slovak Republic,SVK,Rule of Law: Estimate,RL.EST,0.159563526511192,0.168831422924995,0.299946576356888,0.285690128803253,0.331788569688797,0.464085936546326,0.490570604801178,0.488393604755402,0.428628772497177,0.527956008911133,0.534014344215393,0.563034415245056,0.597754776477814,0.485911756753922,0.463767737150192,0.485068291425705,0.466484010219574,0.597048819065094,0.513248085975647,0.472869634628296,0.500033497810364,0.655498802661896,0.678475677967072,0.620998740196228,0.603365182876587
Slovak Republic,SVK,Voice and Accountability: Estimate,VA.EST,0.644221544265747,0.710790991783142,0.848681509494781,0.976482391357422,0.931504726409912,0.947524964809418,0.89995676279068,0.93112325668335,0.947436213493347,0.935453057289124,0.876306593418121,0.910946249961853,0.965979039669037,0.973016917705536,0.959501922130585,0.959563910961151,0.965466558933258,0.961435556411743,0.912068963050842,0.847067475318909,0.861327171325684,0.879534602165222,0.904362618923187,0.889783501625061,0.912476003170013
Slovenia,SVN,Control of Corruption: Estimate,CC.EST,1.11418783664703,1.16277480125427,0.827235400676727,0.773913145065308,0.898586511611938,1.01579594612122,0.902103662490845,1.02647280693054,1.00999546051025,0.93939745426178,1.05151796340942,0.917391359806061,0.941719472408295,0.832158982753754,0.722197890281677,0.721584439277649,0.737131714820862,0.784757494926453,0.776858031749725,0.835979223251343,0.888419628143311,0.777402997016907,0.692999660968781,0.767268538475037,0.776647090911865
Slovenia,SVN,Government Effectiveness: Estimate,GE.EST,0.887160181999207,0.752557337284088,0.674126327037811,0.789837002754211,0.897875249385834,0.90135532617569,0.885157346725464,0.954627931118011,0.888730525970459,1.11381042003632,1.14303851127625,1.01478588581085,0.97692596912384,1.018315076828,1.00098669528961,0.996188342571259,0.936799585819244,1.08712339401245,1.12923729419708,1.08223867416382,1.04178440570831,1.121173620224,1.13730704784393,1.06853556632996,1.03929400444031
Slovenia,SVN,Political Stability and Absence of Violence/Terrorism: Estimate,PV.EST,1.31172633171082,1.24313056468964,0.886789321899414,1.30383324623108,1.18649446964264,1.08161342144012,1.09281122684479,1.08572900295258,1.0986293554306,1.14937436580658,0.936905801296234,0.866508841514587,0.969209671020508,0.935110688209534,0.882251679897308,0.965773403644562,0.947492003440857,0.979141891002655,0.866365492343903,0.89426726102829,0.801585972309113,0.701467931270599,0.755585372447968,0.709335088729858,0.818632841110229
Slovenia,SVN,Regulatory Quality: Estimate,RQ.EST,1.0905613899231,1.04960131645203,0.672722458839417,0.851863026618958,0.881739914417267,0.844685614109039,0.88319343328476,0.794790148735046,0.800101041793823,0.847147285938263,0.913787245750427,0.75935560464859,0.692796349525452,0.625475347042084,0.624960362911224,0.657770276069641,0.609880983829498,0.627829551696777,0.564625978469849,0.642297327518463,0.997022330760956,0.91221022605896,0.822128713130951,0.694944024085999,0.731421768665314
Slovenia,SVN,Rule of Law: Estimate,RL.EST,1.06872296333313,1.17716312408447,0.967030942440033,0.883090198040009,0.849399566650391,0.913738012313843,0.883541584014893,0.899841070175171,0.945623457431793,1.00784969329834,1.06890439987183,1.00198233127594,1.04520750045776,1.00906705856323,0.994512796401978,0.999711990356445,0.945756256580353,1.05059957504272,0.993279337882996,1.02447843551636,1.08500075340271,1.03954863548279,1.00168013572693,0.970905184745789,1.03880786895752
Slovenia,SVN,Voice and Accountability: Estimate,VA.EST,1.27535271644592,1.20461094379425,1.10754191875458,1.13046002388,1.12496137619019,1.11238861083984,1.09229040145874,1.06961452960968,1.06297087669373,1.0173647403717,1.05512344837189,1.04863810539246,1.05691814422607,0.999778091907501,1.00185775756836,0.956069827079773,0.986833035945892,1.01090347766876,1.00673377513885,0.970165312290192,0.977372527122498,0.932139754295349,0.904861509799957,0.976333498954773,1.07909941673279
Spain,ESP,Control of Corruption: Estimate,CC.EST,1.12921118736267,1.35599553585052,1.32828283309937,1.31682515144348,1.3489111661911,1.33718907833099,1.32761585712433,1.17766547203064,1.07903242111206,1.17877197265625,1.05494809150696,1.16003704071045,1.16321241855621,1.17040634155273,0.926990270614624,0.689240038394928,0.630986750125885,0.569826066493988,0.510279893875122,0.612778782844543,0.666394531726837,0.711801946163177,0.715437471866608,0.685416162014008,0.629368722438812
Spain,ESP,Government Effectiveness: Estimate,GE.EST,1.62002718448639,1.5973025560379,1.68575727939606,1.78612041473389,1.81680715084076,1.33226644992828,1.50157427787781,0.830167770385742,0.987038195133209,0.912503182888031,0.9416823387146,0.942974150180817,0.97240149974823,1.05716216564178,1.16768598556519,1.1732976436615,1.15725028514862,1.0948657989502,1.00125849246979,0.969246029853821,0.968808770179749,0.853928565979004,0.907896876335144,0.920230388641357,0.752065539360046
Spain,ESP,Political Stability and Absence of Violence/Terrorism: Estimate,PV.EST,0.17475751042366,0.132018834352493,0.459468245506287,0.438226073980331,-0.047485888004303,-0.0905463024973869,0.19302661716938,-0.150648653507233,-0.276731640100479,-0.383085459470749,-0.474599570035934,-0.318043738603592,0.0211045369505882,-0.0295164491981268,0.0120177594944835,0.243121743202209,0.24116013944149,0.402214497327805,0.270845949649811,0.27590623497963,0.292768746614456,0.411448448896408,0.509235560894012,0.318843424320221,0.287291556596756
Spain,ESP,Regulatory Quality: Estimate,RQ.EST,1.18406641483307,1.19621729850769,1.23809194564819,1.32903218269348,1.30430352687836,1.30674779415131,1.30437541007996,1.17664575576782,1.21525323390961,1.25488996505737,1.18705248832703,1.15819036960602,1.06073820590973,0.947154939174652,0.932680726051331,0.746454060077667,0.791497886180878,0.99648380279541,0.930761218070984,0.93815416097641,1.037264585495,0.755449116230011,0.797288954257965,0.797074437141418,0.693764328956604
Spain,ESP,Rule of Law: Estimate,RL.EST,1.43508553504944,1.30619204044342,1.4075014591217,1.22893154621124,1.24776077270508,1.12897205352783,1.11754953861237,1.11987686157227,1.1538097858429,1.18374812602997,1.15600228309631,1.15678811073303,1.16937839984894,1.03779828548431,1.02537167072296,0.966455936431885,0.886066854000092,0.965352892875671,1.02435386180878,0.978094100952148,0.990192174911499,0.860964477062225,0.843258261680603,0.799167692661285,0.822885692119598
Spain,ESP,Voice and Accountability: Estimate,VA.EST,1.31952691078186,1.29959452152252,1.27701985836029,1.27498733997345,1.27055943012238,1.3236118555069,1.13140439987183,1.07872498035431,1.12308669090271,1.18532562255859,1.17698621749878,1.12254285812378,1.08586597442627,1.06417882442474,0.988832354545593,0.993711829185486,1.04487037658691,1.04160034656525,1.02150094509125,1.02963280677795,1.03599870204926,1.00401437282562,0.99951308965683,1.01683568954468,1.19472968578339
Sweden,SWE,Control of Corruption: Estimate,CC.EST,2.17398619651794,2.16930365562439,2.22582793235779,2.20039749145508,2.14788365364075,2.13264751434326,2.01279759407043,2.18632340431213,2.23397564888,2.21141076087952,2.24269556999207,2.21972584724426,2.16803646087646,2.27712059020996,2.239426612854,2.11085391044617,2.14546346664429,2.10577654838562,2.09996318817139,2.10963678359985,2.09194946289062,2.09451055526733,2.09849810600281,2.06152534484863,2.0282461643219
Sweden,SWE,Government Effectiveness: Estimate,GE.EST,1.92191684246063,1.88449275493622,1.87932634353638,1.96259272098541,2.01690196990967,2.09973764419556,1.8879017829895,1.80057287216187,2.01871752738953,1.94697892665863,2.04168105125427,1.96262037754059,1.92519795894623,1.91103565692902,1.78899824619293,1.68137550354004,1.6848486661911,1.66307485103607,1.67575168609619,1.67109441757202,1.67401242256165,1.6700267791748,1.61025524139404,1.5724048614502,1.60138332843781
Sweden,SWE,Political Stability and Absence of Violence/Terrorism: Estimate,PV.EST,1.45682156085968,1.39918959140778,1.39177203178406,1.47525751590729,1.34161329269409,1.36222684383392,1.29990482330322,1.29393398761749,1.27147829532623,1.12833654880524,1.08463823795319,1.09417045116425,1.23068809509277,1.17059719562531,1.12777805328369,1.06541478633881,0.932670474052429,1.00078213214874,0.968603014945984,0.921417593955994,1.01188635826111,0.997376799583435,1.01450800895691,0.910905122756958,0.758365273475647
Sweden,SWE,Regulatory Quality: Estimate,RQ.EST,1.319948554039,1.16445672512054,1.34945940971375,1.59024393558502,1.61025357246399,1.66940915584564,1.5328688621521,1.43954706192017,1.57299721240997,1.63588404655457,1.64970362186432,1.65624058246613,1.89224195480347,1.90003883838654,1.8954666852951,1.8051632642746,1.80380487442017,1.84277331829071,1.79004573822021,1.82550489902496,1.79326152801514,1.67861640453339,1.74532163143158,1.68157696723938,1.71801710128784
Sweden,SWE,Rule of Law: Estimate,RL.EST,1.79586124420166,1.75143575668335,1.8001868724823,1.84246826171875,1.88671100139618,1.87256228923798,1.79775130748749,1.85117638111115,1.89182782173157,1.91915678977966,1.9582816362381,1.93030881881714,1.91803658008575,1.92827761173248,1.95059812068939,1.97514510154724,1.99032938480377,1.95228481292725,1.81969857215881,1.78407502174377,1.79216158390045,1.76741015911102,1.69935715198517,1.68850898742676,1.60402345657349
Sweden,SWE,Voice and Accountability: Estimate,VA.EST,1.51839065551758,1.53684067726135,1.57328855991364,1.50778388977051,1.54860532283783,1.73924720287323,1.58447277545929,1.48571825027466,1.51013612747192,1.52016663551331,1.54603838920593,1.54272592067719,1.61295545101166,1.69035804271698,1.65803611278534,1.61101567745209,1.56545448303223,1.56508469581604,1.56944692134857,1.58079731464386,1.5590580701828,1.49804127216339,1.49274754524231,1.52612793445587,1.57483160495758
