Country Name,Country Code,year_int,CC_EST,GE_EST,PV_EST,RL_EST,RQ_EST,VA_EST
Austria,AUT,2000,1.7510586977005,1.84726524353027,0.822056412696838,1.81233263015747,1.47547554969788,1.31755948066711
Austria,AUT,2002,1.91515922546387,1.88022816181183,1.35895538330078,1.85791265964508,1.5380562543869,1.30749690532684
Austria,AUT,2003,1.96386861801147,1.93046128749847,0.962002456188202,1.84791743755341,1.53713607788086,1.34388208389282
Austria,AUT,2004,2.02662444114685,1.84377062320709,1.08964920043945,1.81666433811188,1.51410281658173,1.47565114498138
Austria,AUT,2005,1.91242349147797,1.67952907085419,1.10395002365112,1.84724950790405,1.60495746135712,1.37865650653839
Austria,AUT,2006,1.90487694740295,1.82738518714905,1.07445085048676,1.8997688293457,1.64441108703613,1.37268495559692
Austria,AUT,2007,2.00334525108337,1.86356592178345,1.284419298172,1.94182562828064,1.69116389751434,1.36926245689392
Austria,AUT,2008,1.8287581205368,1.77165818214417,1.33927059173584,1.91069889068604,1.60645174980164,1.35846436023712
Austria,AUT,2009,1.69403409957886,1.66273927688599,1.19087398052216,1.77744269371033,1.4500185251236,1.39284467697144
Austria,AUT,2010,1.59612202644348,1.81252110004425,1.15264821052551,1.80120265483856,1.4505158662796,1.43029069900513
Austria,AUT,2011,1.47028934955597,1.60288524627686,1.19352161884308,1.79896306991577,1.37697684764862,1.40244364738464
Austria,AUT,2012,1.42725443840027,1.56018972396851,1.34056687355042,1.85712373256683,1.51716470718384,1.44877302646637
Austria,AUT,2013,1.53727698326111,1.57137954235077,1.36410057544708,1.83409059047699,1.48221373558044,1.45652639865875
Austria,AUT,2014,1.46650183200836,1.5529956817627,1.27070045471191,1.93843615055084,1.48217010498047,1.39129602909088
Austria,AUT,2015,1.47204375267029,1.4509791135788,1.12933051586151,1.81477534770966,1.3904470205307,1.38369190692902
Austria,AUT,2016,1.49688053131104,1.47481060028076,0.8921759724617,1.76146185398102,1.42889010906219,1.33784782886505
Austria,AUT,2017,1.50082015991211,1.46775150299072,1.02962481975555,1.8003545999527,1.42786145210266,1.38622164726257
Austria,AUT,2018,1.56858718395233,1.45611667633057,0.884860396385193,1.85348308086395,1.5240364074707,1.39954924583435
Austria,AUT,2019,1.52132439613342,1.49212622642517,0.892189025878906,1.86229813098907,1.44640731811523,1.33715832233429
Austria,AUT,2020,1.47770941257477,1.60586321353912,0.887600898742676,1.77060890197754,1.39522731304169,1.39462888240814
Austria,AUT,2021,1.24272727966309,1.52829468250275,0.899554431438446,1.75175452232361,1.34041571617126,1.38638341426849
Austria,AUT,2022,1.25858676433563,1.46492278575897,0.648710012435913,1.70427322387695,1.28319978713989,1.41365766525269
Austria,AUT,2023,1.1336532831192,1.32668149471283,0.727989196777344,1.74656546115875,1.36136972904205,1.41124832630157
Belgium,BEL,2000,1.44685900211334,1.65919423103333,1.12981116771698,1.3139340877533,1.15296983718872,1.36650443077087
Belgium,BEL,2002,1.45780158042908,1.91511082649231,1.26080238819122,1.34493565559387,1.25418055057526,1.37745249271393
Belgium,BEL,2003,1.37511277198792,1.86878955364227,0.85823780298233,1.33109652996063,1.28162622451782,1.47829031944275
Belgium,BEL,2004,1.36038255691528,1.85430920124054,0.709136724472046,1.31122982501984,1.34641647338867,1.44026613235474
Belgium,BEL,2005,1.37716245651245,1.70650970935822,0.79377418756485,1.25764083862305,1.27136194705963,1.42076218128204
Belgium,BEL,2006,1.30128657817841,1.74316394329071,0.856375813484192,1.22459959983826,1.3299378156662,1.34239435195923
Belgium,BEL,2007,1.34741532802582,1.60233938694,0.757325053215027,1.31538724899292,1.42054414749146,1.36077105998993
Belgium,BEL,2008,1.36263751983643,1.38118207454681,0.620571196079254,1.33520579338074,1.40567028522491,1.32498848438263
Belgium,BEL,2009,1.45200526714325,1.56746017932892,0.820824682712555,1.37714815139771,1.31022024154663,1.3466922044754
Belgium,BEL,2010,1.47382998466492,1.65420985221863,0.810646176338196,1.41785252094269,1.28281509876251,1.36068689823151
Belgium,BEL,2011,1.51992893218994,1.72347581386566,0.95453542470932,1.43484890460968,1.23621690273285,1.32516324520111
Belgium,BEL,2012,1.55911040306091,1.67117416858673,0.923599720001221,1.44880962371826,1.22217035293579,1.34942185878754
Belgium,BEL,2013,1.60431730747223,1.70195496082306,0.940082728862762,1.45676612854004,1.28374707698822,1.37298619747162
Belgium,BEL,2014,1.51272034645081,1.51735270023346,0.701269447803497,1.54851686954498,1.15288519859314,1.36629962921143
Belgium,BEL,2015,1.47445356845856,1.52944529056549,0.577092111110687,1.45622563362122,1.27396082878113,1.38754844665527
Belgium,BEL,2016,1.53124380111694,1.39763832092285,0.429606109857559,1.39380347728729,1.32856822013855,1.37725067138672
Belgium,BEL,2017,1.40419495105743,1.24078404903412,0.41760727763176,1.32062590122223,1.23354864120483,1.33863842487335
Belgium,BEL,2018,1.42957329750061,1.22463178634644,0.393769443035126,1.33859252929688,1.25903940200806,1.33044385910034
Belgium,BEL,2019,1.44879794120789,1.11331832408905,0.458395332098007,1.3361576795578,1.27653729915619,1.30838358402252
Belgium,BEL,2020,1.44580173492432,1.07823526859283,0.521078526973724,1.32759404182434,1.34363579750061,1.27814042568207
Belgium,BEL,2021,1.45520210266113,1.08557260036469,0.662682592868805,1.29177582263947,1.33185970783234,1.27089965343475
Belgium,BEL,2022,1.49497354030609,1.22718644142151,0.581981599330902,1.34823083877563,1.25295519828796,1.29709255695343
Belgium,BEL,2023,1.3368444442749,1.03702199459076,0.403853088617325,1.29537487030029,1.16822481155396,1.32572901248932
Bulgaria,BGR,2000,-0.178624525666237,0.0379754789173603,0.377964615821838,-0.123777076601982,0.199957489967346,0.460498780012131
Bulgaria,BGR,2002,-0.171931698918343,0.173596397042274,0.467512369155884,-0.0560499913990498,0.527679920196533,0.52853125333786
Bulgaria,BGR,2003,-0.087321013212204,0.0336971394717693,0.173525497317314,-0.171991765499115,0.668375253677368,0.545891940593719
Bulgaria,BGR,2004,0.0682040601968765,0.0787450447678566,0.0036307335831224,-0.118167765438557,0.707843780517578,0.5696901679039
Bulgaria,BGR,2005,0.0187454242259264,0.134381100535393,0.14727059006691,-0.108557619154453,0.657545506954193,0.594892740249634
Bulgaria,BGR,2006,-0.11058596521616,-0.130292177200317,0.394421190023422,-0.108846172690392,0.616540431976318,0.577117204666138
Bulgaria,BGR,2007,-0.231792405247688,-0.121084287762642,0.357635468244553,-0.0576844252645969,0.643360614776611,0.69093531370163
Bulgaria,BGR,2008,-0.274787336587906,-0.172577276825905,0.369860708713531,-0.121088020503521,0.734121799468994,0.57797634601593
Bulgaria,BGR,2009,-0.229267567396164,0.0714814215898514,0.353678971529007,-0.0403123535215855,0.694785177707672,0.560471177101135
Bulgaria,BGR,2010,-0.237023547291756,-0.0653254613280296,0.360091060400009,-0.0970613583922386,0.680432558059692,0.531482577323914
Bulgaria,BGR,2011,-0.269264370203018,-0.0711113885045052,0.301750302314758,-0.141564160585403,0.552520036697388,0.450080156326294
Bulgaria,BGR,2012,-0.281460791826248,-0.0283869281411171,0.379833996295929,-0.115051358938217,0.574710845947266,0.400915592908859
Bulgaria,BGR,2013,-0.327892512083054,-0.0132329864427447,0.170710384845734,-0.147255629301071,0.549109816551208,0.337255388498306
Bulgaria,BGR,2014,-0.303166449069977,-0.112378895282745,0.0785408988595009,-0.0820291489362717,0.585273623466492,0.366472214460373
Bulgaria,BGR,2015,-0.346440643072128,-0.0125585971400142,0.010424641892314,-0.159493550658226,0.57826828956604,0.432639420032501
Bulgaria,BGR,2016,-0.260855674743652,0.0888326391577721,0.0682793706655502,-0.140443801879883,0.70129007101059,0.402378171682358
Bulgaria,BGR,2017,-0.196330279111862,0.0980096459388733,0.321379661560059,-0.1249605640769,0.65778660774231,0.430081695318222
Bulgaria,BGR,2018,-0.188220024108887,0.111848846077919,0.444411188364029,-0.105849832296371,0.60575270652771,0.365172892808914
Bulgaria,BGR,2019,-0.181220516562462,0.173703476786613,0.561284422874451,-0.0374133922159672,0.530806183815002,0.354652225971222
Bulgaria,BGR,2020,-0.3223497569561,-0.214027836918831,0.401631027460098,-0.127672985196114,0.460990726947784,0.259386777877808
Bulgaria,BGR,2021,-0.258131921291351,-0.173440277576447,0.36473935842514,-0.068868450820446,0.433977693319321,0.284104585647583
Bulgaria,BGR,2022,-0.158206030726433,-0.271232962608337,0.313428640365601,-0.107922710478306,0.320686906576157,0.287512123584747
Bulgaria,BGR,2023,-0.137721657752991,0.047112051397562,0.341861486434937,-0.0068576806224882,0.40789669752121,0.388988107442856
Croatia,HRV,2000,-0.0353819169104099,0.363394379615784,0.28022488951683,-0.0298685356974602,-0.118701681494713,0.510653853416443
Croatia,HRV,2002,0.225011631846428,0.328575700521469,0.628807723522186,-0.144792929291725,0.294281095266342,0.55671101808548
Croatia,HRV,2003,0.258523046970367,0.318801134824753,0.558495879173279,-0.045993946492672,0.466213047504425,0.623684108257294
Croatia,HRV,2004,0.239370077848434,0.44430086016655,0.686754405498505,0.0412164889276028,0.53191602230072,0.658320605754852
Croatia,HRV,2005,0.139555230736732,0.455620646476746,0.43447408080101,0.0833475664258003,0.47524955868721,0.452612310647964
Croatia,HRV,2006,0.0449901148676872,0.555540442466736,0.560829281806946,-0.0482460409402847,0.365195125341415,0.48149374127388
Croatia,HRV,2007,0.0590379722416401,0.456446975469589,0.60539698600769,0.0384777560830116,0.411397367715836,0.517976045608521
Croatia,HRV,2008,-0.050504669547081,0.572743833065033,0.573651909828186,0.0250067282468081,0.413963556289673,0.467806965112686
Croatia,HRV,2009,-0.0860949829220772,0.585426390171051,0.612926959991455,0.0438759475946426,0.472275614738464,0.48627769947052
Croatia,HRV,2010,0.0231014657765627,0.581434488296509,0.608463644981384,0.0804690346121788,0.489483296871185,0.476428359746933
Croatia,HRV,2011,0.0277206785976887,0.502175211906433,0.623747110366821,0.109395980834961,0.442892551422119,0.521082401275635
Croatia,HRV,2012,-0.0254572927951813,0.675028204917908,0.606891453266144,0.145079001784325,0.353815704584122,0.540830552577972
Croatia,HRV,2013,0.107450112700462,0.675364792346954,0.642667889595032,0.177962198853493,0.369632989168167,0.513696014881134
Croatia,HRV,2014,0.200835213065147,0.676334917545319,0.619112372398376,0.218224167823792,0.276575356721878,0.514897346496582
Croatia,HRV,2015,0.19990636408329,0.457353413105011,0.586513638496399,0.127412468194962,0.237562641501427,0.555477857589722
Croatia,HRV,2016,0.155666068196297,0.422308266162872,0.654191136360168,0.33985698223114,0.238647386431694,0.525477707386017
Croatia,HRV,2017,0.0596246346831322,0.535491704940796,0.681905686855316,0.308922588825226,0.299445986747742,0.479264795780182
Croatia,HRV,2018,0.0467699244618416,0.513932764530182,0.793678283691406,0.3015296459198,0.48981836438179,0.446175158023834
Croatia,HRV,2019,0.0524476990103722,0.456785351037979,0.685510694980621,0.348268538713455,0.552517652511597,0.454173117876053
Croatia,HRV,2020,0.177110493183136,0.424775809049606,0.607283234596252,0.236185565590858,0.36231455206871,0.579596340656281
Croatia,HRV,2021,0.0375364571809769,0.552374601364136,0.621595680713654,0.275418937206268,0.493546575307846,0.601495921611786
Croatia,HRV,2022,0.147807404398918,0.581313610076904,0.672563254833221,0.36779710650444,0.502549886703491,0.616291224956512
Croatia,HRV,2023,0.181928679347038,0.712653696537018,0.59771203994751,0.36060556769371,0.643900275230408,0.569745063781738
Cyprus,CYP,2000,1.08123648166656,1.07490420341492,0.51749986410141,1.01605880260468,1.08776450157166,1.05713748931885
Cyprus,CYP,2002,1.12628424167633,1.29533743858337,0.199420601129532,0.989593505859375,1.19338965415955,1.1171190738678
Cyprus,CYP,2003,1.19230818748474,1.1232738494873,0.532275915145874,0.938781797885895,1.18172955513,0.99446302652359
Cyprus,CYP,2004,0.873254597187042,1.10752463340759,0.380177587270737,0.90867418050766,1.21912789344788,0.950031280517578
Cyprus,CYP,2005,0.89903998374939,1.15242898464203,0.517519235610962,0.877258121967316,1.22012770175934,0.955872654914856
Cyprus,CYP,2006,1.08556258678436,1.26175379753113,0.53966498374939,1.09397459030151,1.27664840221405,1.05206739902496
Cyprus,CYP,2007,1.07337045669556,1.42116558551788,0.537055730819702,1.10558974742889,1.33180058002472,1.06665575504303
Cyprus,CYP,2008,1.19312751293182,1.5237752199173,0.639003932476044,1.20663857460022,1.36799836158752,1.08403408527374
Cyprus,CYP,2009,0.905417799949646,1.41438210010529,0.390287488698959,1.20613396167755,1.36015510559082,1.06802761554718
Cyprus,CYP,2010,0.969285845756531,1.52651119232178,0.452444821596146,1.2096072435379,1.42102324962616,1.02339065074921
Cyprus,CYP,2011,0.859248042106628,1.55788862705231,0.607984483242035,1.06531310081482,1.23100304603577,1.0535831451416
Cyprus,CYP,2012,1.24330234527588,1.38360106945038,0.635126054286957,1.09355938434601,1.12454509735107,1.02202355861664
Cyprus,CYP,2013,1.23852777481079,1.35990357398987,0.563347160816193,1.02995848655701,0.910857200622559,0.980770349502563
Cyprus,CYP,2014,1.07067537307739,1.13519954681396,0.551882088184357,1.07471680641174,1.09409928321838,1.0199453830719
Cyprus,CYP,2015,0.971173226833344,1.0175507068634,0.542449116706848,1.01026701927185,1.04765045642853,1.0316162109375
Cyprus,CYP,2016,0.789454460144043,0.926266729831696,0.593786835670471,0.693160891532898,1.04042482376099,1.04651844501495
Cyprus,CYP,2017,0.746647298336029,0.88537871837616,0.530974149703979,0.854454517364502,1.0184805393219,1.05625879764557
Cyprus,CYP,2018,0.607749342918396,0.883620500564575,0.48454225063324,0.72105348110199,0.862575232982635,1.01570796966553
Cyprus,CYP,2019,0.598950326442719,0.955758094787598,0.54459822177887,0.726727247238159,0.999724805355072,1.04663980007172
Cyprus,CYP,2020,0.349943220615387,0.839448511600494,0.288777649402618,0.547239065170288,0.993247628211975,0.90229332447052
Cyprus,CYP,2021,0.369423598051071,0.697915256023407,0.422150671482086,0.605679333209991,0.845392525196075,0.855743706226349
Cyprus,CYP,2022,0.421445220708847,0.730335235595703,0.423811227083206,0.570125758647919,0.773753821849823,0.850350379943848
Cyprus,CYP,2023,0.332707405090332,0.73773992061615,0.409627169370651,0.628040313720703,0.778258264064789,0.974570155143738
Czechia,CZE,2000,0.146037667989731,0.587459146976471,0.332739621400833,0.607116281986237,0.743665814399719,0.762775123119354
Czechia,CZE,2002,0.358057916164398,0.921997308731079,1.04410064220428,0.859825134277344,1.11261796951294,1.01640355587006
Czechia,CZE,2003,0.489982098340988,0.854176342487335,0.887058138847351,0.873709797859192,1.13681435585022,1.01417517662048
Czechia,CZE,2004,0.384490489959717,0.864507555961609,0.653875827789307,0.758330762386322,0.999590992927551,0.954461276531219
Czechia,CZE,2005,0.480226010084152,0.913030743598938,0.936384081840515,0.857741057872772,1.10902845859528,0.905672550201416
Czechia,CZE,2006,0.350346773862839,1.08249938488007,1.05372881889343,0.862385094165802,1.1080676317215,0.962292671203613
Czechia,CZE,2007,0.321369081735611,0.845191836357117,1.0154139995575,0.878743946552277,1.0531712770462,0.995283782482147
Czechia,CZE,2008,0.343739986419678,0.951468646526337,1.04987955093384,0.900237202644348,1.22245907783508,1.03275871276855
Czechia,CZE,2009,0.380892634391785,0.873511850833893,0.90582937002182,0.95621782541275,1.30928015708923,1.03304421901703
Czechia,CZE,2010,0.384590119123459,0.9017294049263,0.989233732223511,0.930919170379639,1.29729211330414,1.01486504077911
Czechia,CZE,2011,0.383604437112808,0.922613501548767,1.10911762714386,1.0174971818924,1.19579684734344,1.02266430854797
Czechia,CZE,2012,0.310179650783539,0.921718597412109,1.05410611629486,1.02260160446167,1.05303382873535,0.970379710197449
Czechia,CZE,2013,0.299111813306808,0.915809273719788,1.08477854728699,1.02387058734894,1.07856404781342,0.98448371887207
Czechia,CZE,2014,0.429756611585617,1.03113341331482,0.989990472793579,1.13887214660645,1.00139343738556,1.0266318321228
Czechia,CZE,2015,0.46791335940361,1.02559614181519,0.970251083374023,1.10708737373352,1.08391523361206,1.04274165630341
Czechia,CZE,2016,0.555945515632629,1.00811576843262,0.963384211063385,0.988326966762543,0.973719298839569,1.02528142929077
Czechia,CZE,2017,0.568141341209412,1.03059422969818,0.990650773048401,1.08858931064606,1.22255635261536,0.880147039890289
Czechia,CZE,2018,0.509728491306305,0.951154172420502,1.0264128446579,1.01980626583099,1.26730799674988,0.822354137897491
Czechia,CZE,2019,0.533485949039459,0.919642746448517,0.941995680332184,1.01709353923798,1.23532867431641,0.834152519702911
Czechia,CZE,2020,0.55544102191925,0.910964906215668,0.912328004837036,1.01845061779022,1.23466849327087,0.978554964065552
Czechia,CZE,2021,0.615270674228668,1.06974017620087,0.947537839412689,1.09040725231171,1.34087228775024,1.00824761390686
Czechia,CZE,2022,0.663074553012848,1.09341883659363,0.814114570617676,1.1003965139389,1.38589835166931,1.04114127159119
Czechia,CZE,2023,0.767809867858887,1.1140114068985,0.967361629009247,1.14218366146088,1.30448853969574,1.07654917240143
Denmark,DNK,2000,2.32117748260498,1.89654886722565,1.5010689496994,1.80873346328735,1.71064364910126,1.53596532344818
Denmark,DNK,2002,2.31065106391907,2.0240433216095,1.5242440700531,1.88234078884125,1.71136832237244,1.53286790847778
Denmark,DNK,2003,2.35876488685608,2.08797860145569,1.20381569862366,1.92051100730896,1.7327196598053,1.60145223140717
Denmark,DNK,2004,2.40682458877563,2.28722190856934,1.08433735370636,1.93052399158478,1.74865007400513,1.80099177360535
Denmark,DNK,2005,2.27820563316345,2.11490678787231,1.07349538803101,1.93610906600952,1.64963126182556,1.73960888385773
Denmark,DNK,2006,2.45911836624146,2.22395443916321,1.0467928647995,1.98349893093109,1.80342781543732,1.57163619995117
Denmark,DNK,2007,2.43483400344849,2.34719085693359,1.1181892156601,1.99517047405243,1.92670845985413,1.47770440578461
Denmark,DNK,2008,2.37640881538391,2.2413592338562,1.06538677215576,1.95405626296997,1.87364733219147,1.53830599784851
Denmark,DNK,2009,2.4354944229126,2.22860789299011,1.00118267536163,1.91712713241577,1.87865126132965,1.53825998306274
Denmark,DNK,2010,2.35235905647278,2.10007047653198,1.04096102714539,1.89844179153442,1.87385439872742,1.54195690155029
Denmark,DNK,2011,2.39288401603699,2.10107469558716,1.10029304027557,1.91979134082794,1.89863109588623,1.55170702934265
Denmark,DNK,2012,2.3824622631073,1.98699104785919,0.914910674095154,1.87506687641144,1.79916131496429,1.67411422729492
Denmark,DNK,2013,2.39937782287598,1.94326293468475,0.959233462810516,1.90228533744812,1.80028736591339,1.66623783111572
Denmark,DNK,2014,2.25215744972229,1.78492867946625,0.951779723167419,2.10073828697205,1.6811044216156,1.5245566368103
Denmark,DNK,2015,2.18585419654846,1.79474246501923,0.887059271335602,2.01513481140137,1.72294008731842,1.55306839942932
Denmark,DNK,2016,2.20300269126892,1.82117700576782,0.852912425994873,1.88294720649719,1.56364238262177,1.54204452037811
Denmark,DNK,2017,2.190749168396,1.74683058261871,0.854937553405762,1.80426836013794,1.61215782165527,1.51810312271118
Denmark,DNK,2018,2.15699577331543,1.81060206890106,0.931982338428497,1.77322614192963,1.62839412689209,1.57402217388153
Denmark,DNK,2019,2.12164855003357,1.87326776981354,0.967598736286163,1.83337736129761,1.5476325750351,1.54343402385712
Denmark,DNK,2020,2.23648619651794,1.8400673866272,0.920233726501465,1.80679368972778,1.78572452068329,1.5147852897644
Denmark,DNK,2021,2.33337140083313,1.95973408222198,0.928662657737732,1.89572131633759,1.79559290409088,1.5449755191803
Denmark,DNK,2022,2.40263819694519,1.9901350736618,0.86891770362854,1.8995805978775,1.84312748908997,1.59125435352325
Denmark,DNK,2023,2.37605309486389,2.01564884185791,0.850847959518433,1.90893590450287,1.83951985836029,1.66469931602478
Estonia,EST,2000,0.840922892093658,0.687826871871948,0.902080297470093,0.594717025756836,1.27151811122894,0.988002359867096
Estonia,EST,2002,0.739191174507141,0.66788649559021,0.927854418754578,0.791837811470032,1.26314008235931,1.0729513168335
Estonia,EST,2003,0.9227254986763,0.880270600318909,0.894786238670349,0.770817875862122,1.17419981956482,1.0705794095993
Estonia,EST,2004,0.982846856117249,0.903343915939331,0.703926205635071,0.883017778396606,1.22550690174103,1.09341907501221
Estonia,EST,2005,0.994831264019012,0.937840044498444,0.605274677276611,0.903708636760712,1.24708712100983,0.992168545722961
Estonia,EST,2006,1.0123438835144,1.14691519737244,0.736678242683411,1.12973201274872,1.29370141029358,1.06822168827057
Estonia,EST,2007,0.967807710170746,1.00763607025146,0.634109556674957,1.12227547168732,1.32278323173523,1.07301092147827
Estonia,EST,2008,0.952435076236725,1.15763688087463,0.571973562240601,1.15543973445892,1.38836634159088,1.09165287017822
Estonia,EST,2009,1.00068259239197,1.00224792957306,0.567619025707245,1.12465858459473,1.39269268512726,1.08552134037018
Estonia,EST,2010,0.989536285400391,1.07666647434235,0.661366999149323,1.15312993526459,1.38820207118988,1.10565173625946
Estonia,EST,2011,1.04544830322266,1.06727397441864,0.611041307449341,1.17581498622894,1.38531708717346,1.13372588157654
Estonia,EST,2012,1.08829832077026,0.945922076702118,0.636465191841125,1.15094149112701,1.4102840423584,1.11192464828491
Estonia,EST,2013,1.18144452571869,0.966788172721863,0.748215436935425,1.19137024879456,1.4392409324646,1.11682975292206
Estonia,EST,2014,1.29877054691315,1.01121234893799,0.780257880687714,1.36985957622528,1.67060923576355,1.17029809951782
Estonia,EST,2015,1.25537073612213,1.03593826293945,0.613857269287109,1.30050790309906,1.65832471847534,1.18691825866699
Estonia,EST,2016,1.23109316825867,1.05459797382355,0.662796258926392,1.19259226322174,1.68796372413635,1.20819759368896
Estonia,EST,2017,1.20263087749481,1.07229030132294,0.642370760440826,1.24847757816315,1.63404095172882,1.21454405784607
Estonia,EST,2018,1.46850371360779,1.15055811405182,0.580415546894073,1.20345735549927,1.54483294487,1.19020283222198
Estonia,EST,2019,1.52524757385254,1.13976681232452,0.630197763442993,1.2427259683609,1.58012461662292,1.17930448055267
Estonia,EST,2020,1.58082056045532,1.29900670051575,0.709816992282867,1.33508813381195,1.52953481674194,1.16718208789825
Estonia,EST,2021,1.50660848617554,1.34329342842102,0.748589515686035,1.38935804367065,1.54799437522888,1.17938566207886
Estonia,EST,2022,1.54471278190613,1.34263217449188,0.727880895137787,1.42628395557404,1.5589644908905,1.20195424556732
Estonia,EST,2023,1.53812229633331,1.2634699344635,0.660533905029297,1.42638897895813,1.42964351177216,1.21992552280426
Finland,FIN,2000,2.36823558807373,2.02971863746643,1.72011208534241,1.95340764522552,1.78254592418671,1.59303331375122
Finland,FIN,2002,2.36900973320007,2.09640264511108,1.7531840801239,1.90388894081116,1.81565344333649,1.55290365219116
Finland,FIN,2003,2.3741238117218,2.19400310516357,1.6870174407959,1.95863425731659,1.82632374763489,1.57245707511902
Finland,FIN,2004,2.41011142730713,2.14761972427368,1.61962687969208,1.93988859653473,1.78043079376221,1.78360843658447
Finland,FIN,2005,2.3147189617157,2.12453174591064,1.59494686126709,1.95094156265259,1.66158723831177,1.68709695339203
Finland,FIN,2006,2.45411086082458,2.1676173210144,1.50111103057861,1.95951342582703,1.60181975364685,1.4940721988678
Finland,FIN,2007,2.38947749137878,1.96812081336975,1.48869705200195,1.89684998989105,1.54888129234314,1.4602267742157
Finland,FIN,2008,2.32084584236145,2.04124021530151,1.44586837291718,1.91038119792938,1.61093139648438,1.46308124065399
Finland,FIN,2009,2.24071860313416,2.22546005249023,1.45967149734497,1.9625688791275,1.80945932865143,1.46526706218719
Finland,FIN,2010,2.15166974067688,2.22388696670532,1.42360687255859,1.96125268936157,1.87310171127319,1.48671269416809
Finland,FIN,2011,2.1919150352478,2.23519229888916,1.39347100257874,1.93953800201416,1.81332981586456,1.50755143165588
Finland,FIN,2012,2.22684669494629,2.2103111743927,1.40076518058777,1.94403350353241,1.8215891122818,1.60069715976715
Finland,FIN,2013,2.20024275779724,2.18062210083008,1.38517248630524,1.95568263530731,1.84167218208313,1.5736231803894
Finland,FIN,2014,2.15926671028137,2.02504563331604,1.28219723701477,2.1247615814209,1.87765765190125,1.54184234142303
Finland,FIN,2015,2.2156457901001,1.84316194057465,1.02799820899963,2.05303645133972,1.8257349729538,1.54369699954987
Finland,FIN,2016,2.18630695343018,1.84161901473999,0.982591867446899,2.00771570205688,1.80655252933502,1.53210496902466
Finland,FIN,2017,2.16233658790588,1.9772777557373,1.06380820274353,2.02406764030457,1.81227469444275,1.5595486164093
Finland,FIN,2018,2.17175912857056,2.01387786865234,0.891889691352844,2.03439903259277,1.77911019325256,1.58935248851776
Finland,FIN,2019,2.11393284797668,1.97280502319336,0.835258841514587,2.01262903213501,1.84047222137451,1.56299781799316
Finland,FIN,2020,2.17043972015381,1.90100395679474,0.981825113296509,2.01859211921692,1.85089826583862,1.6095118522644
Finland,FIN,2021,2.23784065246582,1.91831088066101,0.963275969028473,2.01347613334656,1.88712561130524,1.60936939716339
Finland,FIN,2022,2.24686503410339,1.75458240509033,0.894830107688904,1.95789980888367,1.77915287017822,1.60676980018616
Finland,FIN,2023,2.22151660919189,1.73860657215118,0.713986694812775,1.96704590320587,1.76514935493469,1.63263607025146
France,FRA,2000,1.32172358036041,1.63705730438232,0.785089075565338,1.43230748176575,0.914936780929565,1.18298661708832
France,FRA,2002,1.19158518314362,1.54408168792725,0.924183249473572,1.21287262439728,0.975888848304749,1.15434229373932
France,FRA,2003,1.30575609207153,1.6510945558548,0.179551064968109,1.33328890800476,1.21546447277069,1.12266278266907
France,FRA,2004,1.31116378307343,1.75563025474548,0.345115303993225,1.42519283294678,1.21646451950073,1.45645833015442
France,FRA,2005,1.3575382232666,1.66645479202271,0.399723917245865,1.40783047676086,1.24496161937714,1.476771235466
France,FRA,2006,1.45506083965302,1.62847626209259,0.595505774021149,1.46217286586761,1.23982167243958,1.29872286319733
France,FRA,2007,1.45600175857544,1.46457493305206,0.563000798225403,1.45637440681458,1.28756642341614,1.2597668170929
France,FRA,2008,1.39503479003906,1.57403433322906,0.543759167194366,1.49627375602722,1.28425264358521,1.30479431152344
France,FRA,2009,1.4299693107605,1.47705447673798,0.512012898921967,1.44575703144073,1.21470284461975,1.24453508853912
France,FRA,2010,1.48775613307953,1.46266102790833,0.681087553501129,1.49973154067993,1.31016075611115,1.20285654067993
France,FRA,2011,1.53777325153351,1.39230680465698,0.602992832660675,1.42973482608795,1.15604257583618,1.17066836357117
France,FRA,2012,1.4719694852829,1.37338125705719,0.554941534996033,1.43693244457245,1.12417411804199,1.23810577392578
France,FRA,2013,1.30433368682861,1.48205244541168,0.448744118213654,1.40236282348633,1.14989483356476,1.21920275688171
France,FRA,2014,1.2879855632782,1.41287088394165,0.300568491220474,1.45350301265717,1.07406842708588,1.21813237667084
France,FRA,2015,1.24783480167389,1.41732227802277,0.0977598056197166,1.36679553985596,1.11580765247345,1.20674192905426
France,FRA,2016,1.32828891277313,1.38062357902527,-0.106349594891071,1.35156190395355,1.05861842632294,1.13691318035126
France,FRA,2017,1.22452700138092,1.30890679359436,0.265701532363892,1.39806187152863,1.14648473262787,1.15271818637848
France,FRA,2018,1.28155159950256,1.41971850395203,0.013894104398787,1.39622473716736,1.1474986076355,1.1575254201889
France,FRA,2019,1.24806225299835,1.33822000026703,0.271341234445572,1.37148487567902,1.43153774738312,1.11500012874603
France,FRA,2020,1.12261998653412,1.2042510509491,0.280992835760117,1.29872727394104,1.18946194648743,1.06575298309326
France,FRA,2021,1.28193628787994,1.22854030132294,0.325612366199493,1.25916755199432,1.23037326335907,1.10422718524933
France,FRA,2022,1.25943613052368,1.16521215438843,0.393339216709137,1.18058335781097,1.1889523267746,1.11015677452087
France,FRA,2023,1.18482184410095,1.14462625980377,0.343697965145111,1.18057084083557,1.15350544452667,1.15460133552551
Germany,DEU,2000,1.80154538154602,1.80453169345856,1.41133570671082,1.60941886901855,1.45614349842072,1.31480205059052
Germany,DEU,2002,1.88874363899231,1.66001808643341,1.09601747989655,1.63438987731934,1.51094317436218,1.41403138637543
Germany,DEU,2003,1.87576138973236,1.35740518569946,0.577859222888947,1.6375846862793,1.50187790393829,1.41355431079865
Germany,DEU,2004,1.84006547927856,1.46714746952057,0.638884365558624,1.62020444869995,1.46957302093506,1.4960401058197
Germany,DEU,2005,1.87544226646423,1.5005247592926,0.888915359973907,1.65219819545746,1.51510655879974,1.48583388328552
Germany,DEU,2006,1.79364252090454,1.64597606658936,1.02506959438324,1.77008616924286,1.56890881061554,1.3652309179306
Germany,DEU,2007,1.72651934623718,1.63131237030029,0.995823800563812,1.75559067726135,1.61616551876068,1.33647847175598
Germany,DEU,2008,1.74589586257935,1.51405537128448,0.943830788135529,1.73402619361877,1.48888456821442,1.33677780628204
Germany,DEU,2009,1.74621033668518,1.57510924339294,0.859902501106262,1.64867222309113,1.51645278930664,1.33496069908142
Germany,DEU,2010,1.76642882823944,1.51569378376007,0.796834468841553,1.63750469684601,1.57068610191345,1.29778325557709
Germany,DEU,2011,1.74194991588593,1.50013899803162,0.842218458652496,1.61821925640106,1.54886770248413,1.34921073913574
Germany,DEU,2012,1.81763017177582,1.53097581863403,0.775621294975281,1.66923201084137,1.52908289432526,1.39373803138733
Germany,DEU,2013,1.79800081253052,1.51041460037231,0.92798388004303,1.64198386669159,1.54434037208557,1.40613043308258
Germany,DEU,2014,1.81229484081268,1.6648246049881,0.925186455249786,1.85020470619202,1.69703912734985,1.43629622459412
Germany,DEU,2015,1.7758332490921,1.65639758110046,0.687514960765839,1.75914001464844,1.71191465854645,1.42213714122772
Germany,DEU,2016,1.78129398822784,1.66018795967102,0.667541146278381,1.58330154418945,1.8065539598465,1.3646674156189
Germany,DEU,2017,1.79697561264038,1.61311173439026,0.574381291866302,1.5740704536438,1.77526342868805,1.43248081207275
Germany,DEU,2018,1.89839863777161,1.52356374263763,0.577865242958069,1.59137535095215,1.75632679462433,1.44311714172363
Germany,DEU,2019,1.86510336399078,1.49534583091736,0.548539876937866,1.5813193321228,1.71493887901306,1.35402822494507
Germany,DEU,2020,1.82534158229828,1.31368815898895,0.645049154758453,1.52012777328491,1.57793474197388,1.37390911579132
Germany,DEU,2021,1.7829247713089,1.28911292552948,0.725788176059723,1.5718047618866,1.62516117095947,1.41956698894501
Germany,DEU,2022,1.81836342811584,1.28929960727692,0.628491878509521,1.53199517726898,1.52229499816895,1.41448700428009
Germany,DEU,2023,1.66416621208191,1.18541669845581,0.586989283561707,1.55120778083801,1.45697498321533,1.46138572692871
Greece,GRC,2000,0.631434977054596,0.587037920951843,0.808356404304504,0.861044526100159,0.736641585826874,1.01306200027466
Greece,GRC,2002,0.403180629014969,0.776045680046082,0.872591853141785,0.723845243453979,0.946032047271729,1.0480192899704
Greece,GRC,2003,0.363324075937271,0.703846335411072,0.477636367082596,0.789709985256195,0.987252712249756,1.15667390823364
Greece,GRC,2004,0.450190424919128,0.785955905914307,0.489336252212524,0.89913421869278,0.836224496364594,1.19141495227814
Greece,GRC,2005,0.351383656263351,0.709748506546021,0.50652414560318,0.784953773021698,0.958650231361389,1.09756934642792
Greece,GRC,2006,0.357532441616058,0.629231572151184,0.630432784557343,0.863401472568512,0.857742309570312,0.965482771396637
Greece,GRC,2007,0.261930704116821,0.551828980445862,0.523507833480835,0.859287738800049,0.894383370876312,0.983873903751373
Greece,GRC,2008,0.126674965023994,0.577969372272491,0.267854154109955,0.853603005409241,0.881061792373657,0.928211510181427
Greece,GRC,2009,0.0628989040851593,0.615196585655212,-0.208124294877052,0.646844327449799,0.834921479225159,0.891443252563477
Greece,GRC,2010,-0.0625116676092148,0.492912799119949,-0.12720687687397,0.583895683288574,0.642821490764618,0.897718012332916
Greece,GRC,2011,-0.101170934736729,0.451953709125519,-0.0986951887607574,0.533327162265778,0.492343783378601,0.820455014705658
Greece,GRC,2012,-0.19037801027298,0.276448935270309,-0.217248693108559,0.388231575489044,0.521992683410645,0.700790524482727
Greece,GRC,2013,-0.0754430443048477,0.357173413038254,-0.171341717243195,0.467316538095474,0.628217577934265,0.687213718891144
Greece,GRC,2014,-0.136098176240921,0.298027336597443,-0.140445962548256,0.373986780643463,0.326164484024048,0.618707537651062
Greece,GRC,2015,-0.119139403104782,0.145935848355293,-0.235559731721878,0.252492129802704,0.391890466213226,0.651585519313812
Greece,GRC,2016,-0.13452722132206,0.124417319893837,-0.129703640937805,0.112394168972969,0.135288879275322,0.668896377086639
Greece,GRC,2017,-0.112043097615242,0.239155456423759,-0.0812440440058708,0.0502666123211384,0.22380830347538,0.658747911453247
Greece,GRC,2018,-0.0562080480158329,0.25846466422081,0.153979063034058,0.113017320632935,0.402087926864624,0.741765856742859
Greece,GRC,2019,0.0136982277035713,0.314295798540115,0.162428334355354,0.158072605729103,0.517325818538666,0.810683846473694
Greece,GRC,2020,0.0319508388638496,0.402936995029449,0.115181528031826,0.288973033428192,0.53649765253067,0.962944686412811
Greece,GRC,2021,0.183011442422867,0.406026542186737,0.10138326883316,0.321165591478348,0.426903694868088,0.945290207862854
Greece,GRC,2022,0.0375978611409664,0.446967661380768,0.106463775038719,0.325134873390198,0.464378982782364,0.956881701946259
Greece,GRC,2023,0.0978469252586365,0.148003026843071,0.239744067192078,0.213158577680588,0.578935325145721,1.01216721534729
Hungary,HUN,2000,0.720579922199249,0.999929845333099,0.918442904949188,0.832505941390991,1.04222512245178,1.13526666164398
Hungary,HUN,2002,0.574014663696289,0.991949141025543,1.26067221164703,0.868621826171875,1.25909173488617,1.15602231025696
Hungary,HUN,2003,0.63568913936615,0.827253758907318,1.13186395168304,0.805350184440613,1.11896371841431,1.16738212108612
Hungary,HUN,2004,0.665135562419891,0.801826775074005,0.82829761505127,0.846134841442108,1.16811418533325,1.1494140625
Hungary,HUN,2005,0.625532269477844,0.7481929063797,1.00310039520264,0.838809192180634,1.04747343063354,1.17518937587738
Hungary,HUN,2006,0.633171617984772,0.839411973953247,0.985676109790802,0.976617097854614,1.20098865032196,1.01504075527191
Hungary,HUN,2007,0.595291078090668,0.691066801548004,0.747096717357635,0.941449284553528,1.20607209205627,1.04105567932129
Hungary,HUN,2008,0.434097021818161,0.695977866649628,0.750263869762421,0.913386523723602,1.17410326004028,0.965708434581757
Hungary,HUN,2009,0.395329833030701,0.66804838180542,0.536816298961639,0.771155953407288,1.08185982704163,0.909724354743958
Hungary,HUN,2010,0.303954064846039,0.644822657108307,0.685783743858337,0.77266937494278,1.01445388793945,0.894237220287323
Hungary,HUN,2011,0.332649558782578,0.65021163225174,0.743254065513611,0.756602585315704,1.02754545211792,0.836973130702972
Hungary,HUN,2012,0.298703163862228,0.608617842197418,0.675794780254364,0.611102879047394,0.982062160968781,0.749367654323578
Hungary,HUN,2013,0.293921649456024,0.678418397903442,0.796646118164062,0.583020031452179,0.899946391582489,0.737164616584778
Hungary,HUN,2014,0.156544849276543,0.582895636558533,0.669904828071594,0.509202778339386,0.747946262359619,0.553214013576508
Hungary,HUN,2015,0.118709452450275,0.509736955165863,0.737792491912842,0.382024466991425,0.750261425971985,0.560090661048889
Hungary,HUN,2016,0.0721640735864639,0.457127034664154,0.64338093996048,0.413626253604889,0.590769052505493,0.402424246072769
Hungary,HUN,2017,0.0906213447451591,0.481280267238617,0.796200513839722,0.537432312965393,0.637029111385345,0.537440478801727
Hungary,HUN,2018,0.0553392209112644,0.443152636289597,0.737591445446014,0.5550696849823,0.563642382621765,0.487892836332321
Hungary,HUN,2019,0.0306371729820967,0.450478911399841,0.761921286582947,0.498684227466583,0.592322170734406,0.343573540449142
Hungary,HUN,2020,0.0689540952444077,0.538535594940186,0.83704686164856,0.492385804653168,0.469366848468781,0.390373110771179
Hungary,HUN,2021,0.0119548495858908,0.596821069717407,0.798591256141663,0.505373418331146,0.485284149646759,0.397480607032776
Hungary,HUN,2022,-0.103261694312096,0.533869922161102,0.678676307201385,0.422067135572433,0.406537681818008,0.425347447395325
Hungary,HUN,2023,-0.0004981306265108,0.372758895158768,0.731891810894012,0.427084535360336,0.318309366703033,0.35952889919281
Ireland,IRL,2000,1.38453423976898,1.59273290634155,1.58410012722015,1.53968262672424,1.78177714347839,1.4082487821579
Ireland,IRL,2002,1.36862599849701,1.57149362564087,1.50421679019928,1.5953254699707,1.71949744224548,1.27081513404846
Ireland,IRL,2003,1.41381525993347,1.49655044078827,1.34845769405365,1.48246681690216,1.5846620798111,1.27646601200104
Ireland,IRL,2004,1.27040612697601,1.51924753189087,1.17082571983337,1.51067984104156,1.56711328029633,1.47755229473114
Ireland,IRL,2005,1.58444654941559,1.73055720329285,1.29866683483124,1.58428418636322,1.48796188831329,1.62385451793671
Ireland,IRL,2006,1.70114398002625,1.53167414665222,1.19241058826447,1.70889830589294,1.83704507350922,1.39654088020325
Ireland,IRL,2007,1.7392373085022,1.55425381660461,1.21519267559052,1.72822141647339,1.85081696510315,1.39714181423187
Ireland,IRL,2008,1.73599350452423,1.49149310588837,1.18687438964844,1.70412838459015,1.91425919532776,1.42259049415588
Ireland,IRL,2009,1.75030028820038,1.33218801021576,1.05736601352692,1.74309933185577,1.69592678546906,1.35357344150543
Ireland,IRL,2010,1.68115770816803,1.34430372714996,1.02016532421112,1.76081323623657,1.61843299865723,1.32443165779114
Ireland,IRL,2011,1.55607664585114,1.45015203952789,0.948998928070068,1.74646854400635,1.59480214118958,1.3053605556488
Ireland,IRL,2012,1.45570015907288,1.53906953334808,0.941072702407837,1.7272036075592,1.56388533115387,1.32252132892609
Ireland,IRL,2013,1.64604413509369,1.50404286384583,0.901075720787048,1.70915448665619,1.57406163215637,1.31168913841248
Ireland,IRL,2014,1.69225120544434,1.59883308410645,1.05299115180969,1.76058638095856,1.75873184204102,1.31748867034912
Ireland,IRL,2015,1.67364001274109,1.52084052562714,0.89533257484436,1.72836124897003,1.80811500549316,1.33476042747498
Ireland,IRL,2016,1.64945268630981,1.32955777645111,0.833849668502808,1.46621227264404,1.72934794425964,1.2911810874939
Ireland,IRL,2017,1.52960228919983,1.26728880405426,0.993410110473633,1.38122129440308,1.57530915737152,1.29467368125916
Ireland,IRL,2018,1.5349406003952,1.37824308872223,1.01136958599091,1.41250944137573,1.61936497688293,1.29576563835144
Ireland,IRL,2019,1.4588143825531,1.2575615644455,0.959416449069977,1.34828162193298,1.59087955951691,1.3032408952713
Ireland,IRL,2020,1.53512811660767,1.43524384498596,0.965521574020386,1.45630073547363,1.4674471616745,1.38936042785645
Ireland,IRL,2021,1.61938548088074,1.46342539787292,0.843662619590759,1.49300801753998,1.55254113674164,1.41767168045044
Ireland,IRL,2022,1.67441475391388,1.5485702753067,0.88466739654541,1.52677750587463,1.63956081867218,1.45429503917694
Ireland,IRL,2023,1.5752888917923,1.59114551544189,0.901911556720734,1.63358354568481,1.74936389923096,1.48345601558685
Italy,ITA,2000,0.699464857578278,0.72274261713028,0.916669428348541,0.83810555934906,0.791893303394318,1.04071915149689
Italy,ITA,2002,0.523466825485229,0.753255426883698,0.838429808616638,0.740141987800598,0.904300689697266,1.03865301609039
Italy,ITA,2003,0.48460641503334,0.743869483470917,0.431488335132599,0.688429892063141,1.04489135742188,0.985716998577118
Italy,ITA,2004,0.36139702796936,0.628187000751495,0.269257694482803,0.590003907680511,1.08458256721497,1.17716777324677
Italy,ITA,2005,0.403579652309418,0.556203484535217,0.489115536212921,0.509243011474609,0.996279656887054,1.05702924728394
Italy,ITA,2006,0.477287948131561,0.35609769821167,0.5307337641716,0.379006385803223,0.976830065250397,1.06452357769012
Italy,ITA,2007,0.33118924498558,0.191648334264755,0.446970045566559,0.467548191547394,0.940306901931763,1.11190748214722
Italy,ITA,2008,0.262665063142776,0.272778868675232,0.547544240951538,0.447921454906464,0.974892854690552,1.03202378749847
Italy,ITA,2009,0.194480165839195,0.417277067899704,0.346905887126923,0.399145483970642,0.96655398607254,1.03421604633331
Italy,ITA,2010,0.283443719148636,0.467300355434418,0.473923683166504,0.454773187637329,0.894350588321686,0.962826371192932
Italy,ITA,2011,0.299565821886063,0.403479129076004,0.501207411289215,0.483442842960358,0.713232815265656,0.911823928356171
Italy,ITA,2012,0.172010645270348,0.447511166334152,0.508217513561249,0.425940155982971,0.744578301906586,0.916809260845184
Italy,ITA,2013,0.070905864238739,0.532426714897156,0.495499193668365,0.436259418725967,0.778938114643097,0.954193353652954
Italy,ITA,2014,0.0056577529758215,0.472872227430344,0.458165407180786,0.422147244215012,0.638065695762634,0.999258756637573
Italy,ITA,2015,0.0265776235610247,0.49019667506218,0.363257199525833,0.288353830575943,0.712536931037903,1.03490507602692
Italy,ITA,2016,0.0815546959638596,0.544244647026062,0.355933427810669,0.366415023803711,0.697884500026703,1.03519976139069
Italy,ITA,2017,0.175231233239174,0.491924196481705,0.292910486459732,0.319133818149567,0.691279470920563,0.990754127502441
Italy,ITA,2018,0.215687438845634,0.408853262662888,0.326271682977676,0.240623876452446,0.715148270130157,0.963442385196686
Italy,ITA,2019,0.233934670686722,0.450929790735245,0.381114274263382,0.272417157888412,0.942923724651337,0.905108034610748
Italy,ITA,2020,0.509535729885101,0.360754579305649,0.399345397949219,0.206682667136192,0.487740814685822,1.05461311340332
Italy,ITA,2021,0.517084956169128,0.325260877609253,0.550520956516266,0.240348026156425,0.526738524436951,1.08431649208069
Italy,ITA,2022,0.527714252471924,0.448645293712616,0.466298222541809,0.296974033117294,0.510931491851807,1.07431793212891
Italy,ITA,2023,0.550129175186157,0.611036896705627,0.583320736885071,0.390358686447144,0.644031763076782,1.11553084850311
Latvia,LVA,2000,-0.0419168248772621,0.209914907813072,0.419434159994125,0.148901090025902,0.696230709552765,0.742288053035736
Latvia,LVA,2002,0.0108463577926159,0.486781418323517,0.94435715675354,0.310219883918762,0.88353967666626,0.837780058383942
Latvia,LVA,2003,0.242927804589272,0.598321139812469,1.00164318084717,0.581859409809113,0.954042315483093,0.767004191875458
Latvia,LVA,2004,0.153246521949768,0.574418246746063,0.616755247116089,0.538846015930176,0.921956717967987,0.700535595417023
Latvia,LVA,2005,0.367340832948685,0.529817044734955,0.814021408557892,0.565877914428711,0.874489903450012,0.781813085079193
Latvia,LVA,2006,0.356723546981812,0.654658257961273,0.838368713855743,0.616893529891968,0.933780431747437,0.846699059009552
Latvia,LVA,2007,0.338474422693253,0.42527824640274,0.561930537223816,0.715804815292358,0.954827308654785,0.828915297985077
Latvia,LVA,2008,0.230154260993004,0.521047174930573,0.203508123755455,0.777326226234436,0.966387450695038,0.780786275863647
Latvia,LVA,2009,0.202161014080048,0.619090795516968,0.348279803991318,0.789916634559631,0.922658324241638,0.849935352802277
Latvia,LVA,2010,0.203808978199959,0.722773253917694,0.527854025363922,0.758604049682617,0.928532481193542,0.79424387216568
Latvia,LVA,2011,0.279343724250793,0.689273953437805,0.320002138614655,0.740168809890747,0.954886913299561,0.736775279045105
Latvia,LVA,2012,0.238223135471344,0.828348100185394,0.453626722097397,0.779922068119049,1.01062679290771,0.775515556335449
Latvia,LVA,2013,0.321280241012573,0.87935084104538,0.593635261058807,0.762152135372162,1.03710293769836,0.770385980606079
Latvia,LVA,2014,0.40977743268013,0.950847923755646,0.487268358469009,0.870915234088898,1.16674530506134,0.849420309066772
Latvia,LVA,2015,0.434054464101791,1.05340993404388,0.436310410499573,0.766673684120178,1.07482004165649,0.846579790115356
Latvia,LVA,2016,0.395586460828781,0.965538024902344,0.467219561338425,0.927819967269897,1.06869256496429,0.842499852180481
Latvia,LVA,2017,0.500998258590698,0.865553975105286,0.452954679727554,0.900835394859314,1.1448187828064,0.797488391399384
Latvia,LVA,2018,0.297239780426025,1.00028502941132,0.395444005727768,0.923180341720581,1.13444352149963,0.792210936546326
Latvia,LVA,2019,0.48045802116394,1.06574690341949,0.426870435476303,0.979084551334381,1.1824791431427,0.855535626411438
Latvia,LVA,2020,0.693109571933746,0.838092744350433,0.462181746959686,0.92213636636734,1.18040430545807,0.868685662746429
Latvia,LVA,2021,0.720612168312073,0.832942485809326,0.673440217971802,0.949516475200653,1.21610343456268,0.89630264043808
Latvia,LVA,2022,0.693807184696198,0.69153767824173,0.48640912771225,0.921031415462494,1.17088675498962,0.937443792819977
Latvia,LVA,2023,0.698113977909088,0.696560978889465,0.591089129447937,1.03986096382141,1.17222261428833,0.993027687072754
Lithuania,LTU,2000,0.370262295007706,0.0986325070261955,0.428785473108292,0.218402534723282,0.714432060718536,0.855439901351929
Lithuania,LTU,2002,0.208880379796028,0.494154572486877,0.893210649490356,0.397895067930222,1.07702922821045,0.904892265796661
Lithuania,LTU,2003,0.353011250495911,0.729680180549622,1.05018544197083,0.485247015953064,1.03829526901245,0.920530557632446
Lithuania,LTU,2004,0.369521200656891,0.691371083259583,0.766004860401154,0.560759305953979,1.05815160274506,0.88249409198761
Lithuania,LTU,2005,0.311570793390274,0.755011320114136,0.779100298881531,0.577139496803284,0.936665177345276,0.902132928371429
Lithuania,LTU,2006,0.155884757637978,0.716516494750977,0.870995998382568,0.706575036048889,0.973231792449951,0.861287593841553
Lithuania,LTU,2007,0.10320233553648,0.655761361122131,0.817851543426514,0.685900151729584,1.01003611087799,0.886551916599274
Lithuania,LTU,2008,0.112552218139172,0.561739921569824,0.746765077114105,0.684017598628998,1.04217767715454,0.849656224250793
Lithuania,LTU,2009,0.226648017764091,0.689942300319672,0.631581246852875,0.722068607807159,0.951837956905365,0.902184903621674
Lithuania,LTU,2010,0.37242180109024,0.738227605819702,0.715260624885559,0.776326060295105,0.960122764110565,0.915654838085175
Lithuania,LTU,2011,0.319815337657928,0.698798894882202,0.671200335025787,0.768031179904938,0.926461577415466,0.860525906085968
Lithuania,LTU,2012,0.386670023202896,0.826729953289032,0.786209881305695,0.844753980636597,1.117751121521,0.92950963973999
Lithuania,LTU,2013,0.418842434883118,0.8258997797966,0.964532315731049,0.829998910427094,1.14700925350189,0.940006256103516
Lithuania,LTU,2014,0.553396463394165,0.977036237716675,0.742136418819427,0.937465846538544,1.18876838684082,0.961604714393616
Lithuania,LTU,2015,0.582566559314728,1.15046727657318,0.749750256538391,0.97820919752121,1.26380932331085,0.973996102809906
Lithuania,LTU,2016,0.676383554935455,1.03285944461823,0.8147212266922,0.996741414070129,1.12458479404449,1.00021350383759
Lithuania,LTU,2017,0.518651902675629,0.929402828216553,0.765565991401672,0.961514294147491,1.14623475074768,0.986630260944366
Lithuania,LTU,2018,0.466041952371597,1.0314474105835,0.729236841201782,0.923098206520081,1.09371483325958,0.901560366153717
Lithuania,LTU,2019,0.666305541992188,1.00766611099243,0.770623564720154,0.985989809036255,1.14662408828735,0.994787633419037
Lithuania,LTU,2020,0.778560698032379,1.0149097442627,0.92147696018219,0.94848245382309,1.08017456531525,1.00418090820312
Lithuania,LTU,2021,0.824572265148163,1.01744949817657,0.809846818447113,1.07464647293091,1.2701860666275,1.03033602237701
Lithuania,LTU,2022,0.746974110603333,0.993961572647095,0.653032541275024,1.06033229827881,1.29888129234314,1.06778585910797
Lithuania,LTU,2023,0.781545519828796,1.05012118816376,0.742111504077911,1.26719617843628,1.33804214000702,1.07111299037933
Luxembourg,LUX,2000,1.98398292064667,1.89046895503998,1.60547471046448,1.81531381607056,1.84944641590118,1.51018667221069
Luxembourg,LUX,2002,2.01014494895935,1.97525644302368,1.63791656494141,1.87056970596313,1.86433672904968,1.40829694271088
Luxembourg,LUX,2003,1.64305710792542,1.85602164268494,1.44070816040039,1.82702851295471,1.78860485553741,1.53309559822083
Luxembourg,LUX,2004,1.82256400585175,1.87731623649597,1.31543505191803,1.84497785568237,1.78424465656281,1.66827726364136
Luxembourg,LUX,2005,1.64741575717926,1.77208602428436,1.33164858818054,1.81880056858063,1.63860869407654,1.58191788196564
Luxembourg,LUX,2006,1.87307953834534,1.56682622432709,1.3998988866806,1.6867743730545,1.67486965656281,1.54720115661621
Luxembourg,LUX,2007,1.96152448654175,1.5860413312912,1.48371803760529,1.74790990352631,1.73761868476868,1.53769946098328
Luxembourg,LUX,2008,1.9571373462677,1.61668634414673,1.51193952560425,1.78934144973755,1.65803468227386,1.54557907581329
Luxembourg,LUX,2009,1.96353781223297,1.74351441860199,1.45038175582886,1.81968367099762,1.64333391189575,1.55508053302765
Luxembourg,LUX,2010,2.03858494758606,1.71641802787781,1.46121859550476,1.84410035610199,1.67390942573547,1.57483577728271
Luxembourg,LUX,2011,2.15315341949463,1.74265909194946,1.31742680072784,1.82353007793427,1.85898303985596,1.60453939437866
Luxembourg,LUX,2012,2.1143639087677,1.66362190246582,1.33191883563995,1.79168510437012,1.75988602638245,1.64990067481995
Luxembourg,LUX,2013,2.11570620536804,1.62242209911346,1.33524811267853,1.80755913257599,1.77097725868225,1.63103139400482
Luxembourg,LUX,2014,2.06915903091431,1.64794015884399,1.37832379341125,1.901979804039,1.6250411272049,1.55458557605743
Luxembourg,LUX,2015,2.05351066589355,1.69270300865173,1.42636823654175,1.83813381195068,1.64557504653931,1.54696607589722
Luxembourg,LUX,2016,2.04989457130432,1.65589165687561,1.40361714363098,1.71983742713928,1.71001076698303,1.50075507164001
Luxembourg,LUX,2017,1.94112145900726,1.64544296264648,1.3128936290741,1.69909048080444,1.68195748329163,1.52224540710449
Luxembourg,LUX,2018,2.04803919792175,1.73641335964203,1.34749054908752,1.76795589923859,1.7491340637207,1.5432368516922
Luxembourg,LUX,2019,2.07247686386108,1.69548451900482,1.3333135843277,1.74955821037292,1.68511009216309,1.49186420440674
Luxembourg,LUX,2020,2.02369952201843,1.79238891601562,1.21248233318329,1.73590040206909,1.83817708492279,1.49746370315552
Luxembourg,LUX,2021,1.84092938899994,1.67725694179535,1.19407951831818,1.74762201309204,1.90669333934784,1.49557614326477
Luxembourg,LUX,2022,1.88359045982361,1.77222788333893,1.06439006328583,1.76851046085358,1.83396697044373,1.54147458076477
Luxembourg,LUX,2023,1.92665910720825,1.91421329975128,1.05400168895721,1.75243473052979,1.92906320095062,1.63266289234161
Malta,MLT,2000,0.92176079750061,1.05050778388977,1.58620870113373,1.3641529083252,1.10015058517456,1.19157075881958
Malta,MLT,2002,0.774747252464294,1.05014824867249,1.59826338291168,1.47494268417358,1.06088125705719,1.16790759563446
Malta,MLT,2003,0.918518543243408,0.879186868667603,1.547776222229,1.53995966911316,1.14879059791565,1.34463798999786
Malta,MLT,2004,0.831408500671387,0.779151678085327,1.31764233112335,1.31331741809845,1.12459182739258,1.37272918224335
Malta,MLT,2005,0.816374123096466,0.817258954048157,1.38035714626312,1.41586935520172,1.0603232383728,1.23385429382324
Malta,MLT,2006,1.00268542766571,1.0186265707016,1.23125755786896,1.55562663078308,1.1148647069931,1.20378243923187
Malta,MLT,2007,1.01598310470581,1.19997453689575,1.26963186264038,1.61292576789856,1.14441573619843,1.2426346540451
Malta,MLT,2008,0.987337589263916,1.27120995521545,1.27317667007446,1.6136599779129,1.20197856426239,1.24973607063293
Malta,MLT,2009,0.76673024892807,1.16994321346283,1.24936008453369,1.47365593910217,1.36444461345673,1.15272116661072
Malta,MLT,2010,0.78482449054718,1.18747317790985,1.25345623493195,1.41011226177216,1.42860507965088,1.16721260547638
Malta,MLT,2011,0.758895993232727,1.18965113162994,1.06393671035767,1.27858006954193,1.33432626724243,1.1433470249176
Malta,MLT,2012,0.935569167137146,1.24083888530731,1.06507515907288,1.33850824832916,1.32131969928741,1.16538798809052
Malta,MLT,2013,0.97623074054718,1.25139141082764,1.04275786876678,1.32581269741058,1.29071772098541,1.15649199485779
Malta,MLT,2014,0.846630215644836,1.02343165874481,1.12549698352814,1.19110727310181,1.07836270332336,1.18419134616852
Malta,MLT,2015,0.8642418384552,0.81887686252594,1.05367743968964,1.1067533493042,1.1539055109024,1.20284688472748
Malta,MLT,2016,0.683730661869049,0.920882403850555,1.06645977497101,0.968909025192261,1.14384472370148,1.19653582572937
Malta,MLT,2017,0.703656733036041,0.968723773956299,1.23830890655518,1.11296081542969,1.27156889438629,1.17123138904572
Malta,MLT,2018,0.547124087810516,0.930900931358337,1.27164912223816,1.01997232437134,1.32744300365448,1.10109639167786
Malta,MLT,2019,0.209994375705719,0.824169158935547,1.01364505290985,0.921630799770355,0.938031852245331,1.08007621765137
Malta,MLT,2020,0.342483103275299,0.99406486749649,0.99847799539566,0.883726119995117,1.21012890338898,1.11851668357849
Malta,MLT,2021,0.292902559041977,0.853116869926453,0.887514472007751,0.835411548614502,0.801096200942993,1.0709707736969
Malta,MLT,2022,0.238765001296997,0.804084479808807,0.911014318466187,0.785654842853546,0.674093782901764,1.08086717128754
Malta,MLT,2023,0.10974658280611,0.397335052490234,0.858121693134308,0.702327609062195,0.687359094619751,0.913654506206512
Netherlands,NLD,2000,2.13800668716431,1.9833756685257,1.75868117809296,1.74453032016754,2.02518129348755,1.5439612865448
Netherlands,NLD,2002,2.06836199760437,1.93344473838806,1.30267989635468,1.7072594165802,1.81920921802521,1.4694139957428
Netherlands,NLD,2003,1.99590289592743,1.95480120182037,1.16180562973022,1.70947313308716,1.71816682815552,1.52679491043091
Netherlands,NLD,2004,1.97551548480988,2.07049989700317,1.01623916625977,1.73802030086517,1.76566171646118,1.69660830497742
Netherlands,NLD,2005,1.96084868907928,1.93773639202118,0.98810088634491,1.7526228427887,1.65410709381104,1.66602003574371
Netherlands,NLD,2006,2.0405261516571,1.78492248058319,0.902736186981201,1.76974618434906,1.68260562419891,1.53982102870941
Netherlands,NLD,2007,2.15947222709656,1.72176647186279,0.778468787670135,1.76987528800964,1.80043852329254,1.52343332767487
Netherlands,NLD,2008,2.1027684211731,1.68715620040894,0.86355197429657,1.74962913990021,1.77511894702911,1.48308551311493
Netherlands,NLD,2009,2.12415862083435,1.73591732978821,0.945019245147705,1.80702006816864,1.69705557823181,1.46438777446747
Netherlands,NLD,2010,2.09006071090698,1.77032697200775,0.940750122070312,1.81173205375671,1.72908127307892,1.45056891441345
Netherlands,NLD,2011,2.08139801025391,1.82099711894989,1.11363077163696,1.81257343292236,1.80483758449554,1.5370477437973
Netherlands,NLD,2012,2.09058332443237,1.83936905860901,1.18746471405029,1.85268175601959,1.7455050945282,1.60558545589447
Netherlands,NLD,2013,2.01686978340149,1.80873382091522,1.14381539821625,1.82529842853546,1.76091754436493,1.56690323352814
Netherlands,NLD,2014,1.96052145957947,1.83546948432922,1.04511535167694,1.973428606987,1.76312530040741,1.54720866680145
Netherlands,NLD,2015,1.83337318897247,1.82862544059753,0.912540197372437,1.9068900346756,1.78769791126251,1.56130266189575
Netherlands,NLD,2016,1.85835075378418,1.82028615474701,0.896933197975159,1.84564888477325,1.9648460149765,1.54080605506897
Netherlands,NLD,2017,1.74557888507843,1.81402194499969,0.907123684883118,1.75830602645874,2.04048895835876,1.49619734287262
Netherlands,NLD,2018,1.88914597034454,1.80973696708679,0.838281273841858,1.74446511268616,2.01364374160767,1.49981355667114
Netherlands,NLD,2019,1.86761248111725,1.76715266704559,0.821324944496155,1.73473942279816,1.84916996955872,1.48359453678131
Netherlands,NLD,2020,1.99998319149017,1.8052179813385,0.830933392047882,1.70633113384247,1.74825215339661,1.52000570297241
Netherlands,NLD,2021,2.00424218177795,1.72513651847839,0.893059194087982,1.69862735271454,1.73918282985687,1.48990213871002
Netherlands,NLD,2022,1.91720008850098,1.57889866828918,0.726799547672272,1.65676593780518,1.71227204799652,1.54713273048401
Netherlands,NLD,2023,1.86710047721863,1.62553191184998,0.658281981945038,1.64250445365906,1.79096639156342,1.55626440048218
Poland,POL,2000,0.695001423358917,0.568725228309631,0.309305250644684,0.633313119411469,0.704200506210327,1.07567167282104
Poland,POL,2002,0.381513625383377,0.454926639795303,0.743997812271118,0.670436203479767,0.650061428546906,1.08781957626343
Poland,POL,2003,0.401545792818069,0.50964617729187,0.578085064888,0.510291218757629,0.694821357727051,1.01259672641754
Poland,POL,2004,0.106035828590393,0.439104020595551,0.153857663273811,0.41630694270134,0.758691430091858,1.01662766933441
Poland,POL,2005,0.247518658638,0.446039795875549,0.363082945346832,0.470091372728348,0.812517762184143,0.944372296333313
Poland,POL,2006,0.256550550460815,0.332138866186142,0.354031831026077,0.382761627435684,0.701598584651947,0.803532481193542
Poland,POL,2007,0.283813983201981,0.358851343393326,0.682846009731293,0.409072279930115,0.768656671047211,0.879502356052399
Poland,POL,2008,0.452767491340637,0.462065756320953,0.911096274852753,0.550622165203094,0.844261586666107,0.953482151031494
Poland,POL,2009,0.435099840164185,0.517221808433533,0.938135385513306,0.645846784114838,0.976622402667999,1.02687239646912
Poland,POL,2010,0.513736724853516,0.630121886730194,1.01733005046844,0.712359011173248,1.02315878868103,1.03761112689972
Poland,POL,2011,0.562475681304932,0.596360862255096,1.07206296920776,0.794908702373505,0.958582043647766,1.02762770652771
Poland,POL,2012,0.659753620624542,0.657871425151825,1.04947865009308,0.817868530750275,0.996395766735077,1.06427574157715
Poland,POL,2013,0.645680546760559,0.659244894981384,0.973354995250702,0.839544832706451,1.052614569664,0.998090982437134
Poland,POL,2014,0.681905627250671,0.768983721733093,0.842940807342529,0.87160587310791,1.06331539154053,1.10508847236633
Poland,POL,2015,0.694461524486542,0.74108874797821,0.862319052219391,0.803594648838043,0.954634428024292,1.03975915908813
Poland,POL,2016,0.759568095207214,0.651506066322327,0.496157646179199,0.593824148178101,0.906232059001923,0.844245731830597
Poland,POL,2017,0.698781192302704,0.550776779651642,0.509756147861481,0.400895059108734,0.805140137672424,0.776027858257294
Poland,POL,2018,0.622786521911621,0.546892523765564,0.480488687753677,0.376929372549057,0.874214768409729,0.710338830947876
Poland,POL,2019,0.611018896102905,0.512824833393097,0.550716519355774,0.391241818666458,1.01351165771484,0.671802282333374
Poland,POL,2020,0.618671596050262,0.324195116758347,0.491619497537613,0.524749398231506,0.850681960582733,0.615374743938446
Poland,POL,2021,0.546135544776917,0.254306375980377,0.49190354347229,0.425569206476212,0.831825613975525,0.579096436500549
Poland,POL,2022,0.506645441055298,0.258881956338882,0.505146443843842,0.428134799003601,0.717305660247803,0.603501915931702
Poland,POL,2023,0.565399944782257,0.421437799930573,0.559584558010101,0.458741247653961,0.780193567276001,0.626450896263123
Portugal,PRT,2000,1.14826655387878,0.972350239753723,1.39476406574249,1.20019292831421,0.919032692909241,1.35786831378937
Portugal,PRT,2002,1.21802008152008,1.15235102176666,1.4370481967926,1.30751407146454,1.24720525741577,1.30454540252686
Portugal,PRT,2003,1.11910235881805,1.1067943572998,1.2896888256073,1.27625250816345,1.22237777709961,1.40957999229431
Portugal,PRT,2004,1.12566697597504,1.04428017139435,0.969877243041992,1.23305141925812,1.18724715709686,1.46491122245789
Portugal,PRT,2005,1.06187832355499,1.05113351345062,1.01664757728577,1.22431552410126,1.27926909923553,1.43030512332916
Portugal,PRT,2006,1.00923573970795,0.867630779743195,0.952390611171722,0.975267469882965,1.06492900848389,1.23266172409058
Portugal,PRT,2007,1.02880275249481,0.894493699073792,0.821809351444244,1.00311207771301,1.08140778541565,1.23142063617706
Portugal,PRT,2008,1.05923020839691,1.0773845911026,0.987546324729919,1.01124441623688,1.10055077075958,1.20186388492584
Portugal,PRT,2009,1.08558297157288,1.15220522880554,0.787381768226624,1.05841326713562,0.989448130130768,1.12824237346649
Portugal,PRT,2010,1.06266355514526,0.981475114822388,0.717686951160431,1.02578413486481,0.717936515808105,1.10720300674438
Portugal,PRT,2011,1.08125162124634,0.921245932579041,0.741739273071289,0.996393918991089,0.621630489826202,1.10791051387787
Portugal,PRT,2012,0.955447733402252,1.00191485881805,0.775272607803345,1.03611195087433,0.821372985839844,1.02852833271027
Portugal,PRT,2013,0.91217178106308,1.19421780109406,0.74876344203949,1.03864598274231,0.798301339149475,1.06688857078552
Portugal,PRT,2014,0.909372627735138,0.983170330524445,0.8062744140625,1.11946487426758,0.745933353900909,1.10743820667267
Portugal,PRT,2015,0.892139911651611,1.15793454647064,0.904212951660156,1.10189425945282,0.941803693771362,1.12872004508972
Portugal,PRT,2016,0.858934998512268,1.14832854270935,0.958625793457031,1.04333281517029,0.832201719284058,1.15758585929871
Portugal,PRT,2017,0.821428775787354,1.2940491437912,1.10616970062256,1.10397756099701,0.897149801254272,1.19824862480164
Portugal,PRT,2018,0.806315660476685,1.18115174770355,1.11530721187592,1.1079808473587,0.874975383281708,1.17852699756622
Portugal,PRT,2019,0.745498478412628,1.13418579101562,1.05175185203552,1.10635912418365,0.957910358905792,1.19454848766327
Portugal,PRT,2020,0.72114634513855,0.979601144790649,1.00873112678528,1.15668058395386,0.82206916809082,1.25530016422272
Portugal,PRT,2021,0.741993844509125,0.952431321144104,0.937390148639679,1.10502743721008,0.724131643772125,1.24631035327911
Portugal,PRT,2022,0.728919625282288,1.00113356113434,0.795802593231201,1.11221826076508,0.762673318386078,1.25769352912903
Portugal,PRT,2023,0.696312069892883,0.987550020217896,0.712578117847443,1.06766510009766,0.755356550216675,1.21128296852112
Romania,ROU,2000,-0.510619759559631,-0.262158989906311,-0.379039525985718,-0.18183496594429,-0.104750372469425,0.469307065010071
Romania,ROU,2002,-0.440713196992874,-0.196587815880775,0.464840322732925,-0.265604585409164,0.0457017906010151,0.386146128177643
Romania,ROU,2003,-0.410669893026352,-0.283442199230194,0.320030122995377,-0.210054367780685,-0.0518503412604332,0.29921892285347
Romania,ROU,2004,-0.322501838207245,-0.17491602897644,0.0593486130237579,-0.186782702803612,0.180780634284019,0.367766201496124
Romania,ROU,2005,-0.260543018579483,-0.289697855710983,0.0856026485562325,-0.154217436909676,0.242886126041412,0.408908843994141
Romania,ROU,2006,-0.209158509969711,-0.189176306128502,0.148430079221725,-0.134708419442177,0.441958904266357,0.51797342300415
Romania,ROU,2007,-0.230330780148506,-0.352275401353836,0.198067933320999,-0.105703733861446,0.506391942501068,0.498997658491135
Romania,ROU,2008,-0.18621614575386,-0.357895225286484,0.180609092116356,-0.0155702503398061,0.597521305084229,0.514151155948639
Romania,ROU,2009,-0.3098004758358,-0.363970696926117,0.359366297721863,0.053940374404192,0.617714941501617,0.464297264814377
Romania,ROU,2010,-0.352394610643387,-0.112342447042465,0.273600399494171,0.106409564614296,0.672567009925842,0.432130426168442
Romania,ROU,2011,-0.333498507738113,-0.194315671920776,0.186090663075447,0.104707606136799,0.687459826469421,0.376137167215347
Romania,ROU,2012,-0.381443470716476,-0.169484630227089,0.0823415592312813,0.0929005369544029,0.564533114433289,0.318529605865479
Romania,ROU,2013,-0.301038712263107,0.134710595011711,0.179133072495461,0.190215259790421,0.634414732456207,0.311483293771744
Romania,ROU,2014,-0.224212571978569,0.224672213196754,0.0491361282765865,0.242155745625496,0.600805342197418,0.428103059530258
Romania,ROU,2015,-0.170948252081871,0.0987904593348503,0.181799337267876,0.204882144927979,0.568357586860657,0.486170291900635
Romania,ROU,2016,-0.178657218813896,-0.0682618692517281,0.266823202371597,0.45245349407196,0.566330015659332,0.541079998016357
Romania,ROU,2017,-0.141483217477798,-0.0847913026809692,0.0485141687095165,0.436648339033127,0.433020144701004,0.598848581314087
Romania,ROU,2018,-0.226882994174957,-0.177138328552246,0.0363187454640865,0.367548227310181,0.406415402889252,0.533204734325409
Romania,ROU,2019,-0.236893355846405,-0.215103924274445,0.542255997657776,0.415343642234802,0.443314433097839,0.515233874320984
Romania,ROU,2020,-0.0985997840762138,-0.286944448947906,0.508950412273407,0.368689924478531,0.346217542886734,0.585118234157562
Romania,ROU,2021,-0.0613786391913891,-0.163359016180038,0.581789910793304,0.38048443198204,0.29227140545845,0.593723952770233
Romania,ROU,2022,0.0164916589856148,-0.0004623509012162,0.431136310100555,0.403401881456375,0.364533066749573,0.566261529922485
Romania,ROU,2023,0.0404953435063362,-0.0926659479737282,0.373643964529037,0.437425792217255,0.318900614976883,0.503180325031281
Slovak Republic,SVK,2000,0.223054468631744,0.673051953315735,0.663586676120758,0.299946576356888,0.577808380126953,0.848681509494781
Slovak Republic,SVK,2002,-0.050633929669857,0.540845692157745,0.940030038356781,0.285690128803253,0.90390557050705,0.976482391357422
Slovak Republic,SVK,2003,0.280685245990753,0.668065965175629,0.947933495044708,0.331788569688797,0.913023710250854,0.931504726409912
Slovak Republic,SVK,2004,0.337021231651306,0.817942023277283,0.593536019325256,0.464085936546326,1.08342254161835,0.947524964809418
Slovak Republic,SVK,2005,0.451420694589615,0.877272307872772,0.898072719573975,0.490570604801178,1.12677228450775,0.89995676279068
Slovak Republic,SVK,2006,0.375256955623627,0.828100264072418,0.784178674221039,0.488393604755402,1.08478224277496,0.93112325668335
Slovak Republic,SVK,2007,0.296645998954773,0.690660715103149,1.03668713569641,0.428628772497177,0.974188089370728,0.947436213493347
Slovak Republic,SVK,2008,0.312199145555496,0.849099040031433,1.0821361541748,0.527956008911133,1.07832753658295,0.935453057289124
Slovak Republic,SVK,2009,0.265569657087326,0.861253201961517,0.920496821403503,0.534014344215393,1.04804372787476,0.876306593418121
Slovak Republic,SVK,2010,0.248165294528008,0.781369268894196,1.05331683158875,0.563034415245056,0.999186158180237,0.910946249961853
Slovak Republic,SVK,2011,0.229635804891586,0.776584029197693,0.974757313728333,0.597754776477814,0.999639213085175,0.965979039669037
Slovak Republic,SVK,2012,0.0692804977297783,0.781547546386719,1.08840095996857,0.485911756753922,1.04090666770935,0.973016917705536
Slovak Republic,SVK,2013,0.0489006824791431,0.725380659103394,1.11951816082001,0.463767737150192,0.927780389785767,0.959501922130585
Slovak Republic,SVK,2014,0.121957376599312,0.793422877788544,1.03912115097046,0.485068291425705,0.885451793670654,0.959563910961151
Slovak Republic,SVK,2015,0.109913036227226,0.736977159976959,0.865759432315826,0.466484010219574,0.772586047649384,0.965466558933258
Slovak Republic,SVK,2016,0.152081429958344,0.793482840061188,0.708230555057526,0.597048819065094,0.876968383789062,0.961435556411743
Slovak Republic,SVK,2017,0.0974162742495537,0.666439116001129,0.902731478214264,0.513248085975647,0.812015295028687,0.912068963050842
Slovak Republic,SVK,2018,0.230296522378922,0.581321477890015,0.736685812473297,0.472869634628296,0.798312306404114,0.847067475318909
Slovak Republic,SVK,2019,0.187729358673096,0.54965877532959,0.667368829250336,0.500033497810364,0.997581124305725,0.861327171325684
Slovak Republic,SVK,2020,0.415226489305496,0.502145826816559,0.633981704711914,0.655498802661896,0.774733364582062,0.879534602165222
Slovak Republic,SVK,2021,0.210813537240028,0.490655839443207,0.617919027805328,0.678475677967072,0.866957545280457,0.904362618923187
Slovak Republic,SVK,2022,0.213295862078667,0.378134667873383,0.445335745811462,0.620998740196228,0.850252985954285,0.889783501625061
Slovak Republic,SVK,2023,0.292565286159515,0.229512304067612,0.573219299316406,0.603365182876587,0.601919114589691,0.912476003170013
Slovenia,SVN,2000,0.827235400676727,0.674126327037811,0.886789321899414,0.967030942440033,0.672722458839417,1.10754191875458
Slovenia,SVN,2002,0.773913145065308,0.789837002754211,1.30383324623108,0.883090198040009,0.851863026618958,1.13046002388
Slovenia,SVN,2003,0.898586511611938,0.897875249385834,1.18649446964264,0.849399566650391,0.881739914417267,1.12496137619019
Slovenia,SVN,2004,1.01579594612122,0.90135532617569,1.08161342144012,0.913738012313843,0.844685614109039,1.11238861083984
Slovenia,SVN,2005,0.902103662490845,0.885157346725464,1.09281122684479,0.883541584014893,0.88319343328476,1.09229040145874
Slovenia,SVN,2006,1.02647280693054,0.954627931118011,1.08572900295258,0.899841070175171,0.794790148735046,1.06961452960968
Slovenia,SVN,2007,1.00999546051025,0.888730525970459,1.0986293554306,0.945623457431793,0.800101041793823,1.06297087669373
Slovenia,SVN,2008,0.93939745426178,1.11381042003632,1.14937436580658,1.00784969329834,0.847147285938263,1.0173647403717
Slovenia,SVN,2009,1.05151796340942,1.14303851127625,0.936905801296234,1.06890439987183,0.913787245750427,1.05512344837189
Slovenia,SVN,2010,0.917391359806061,1.01478588581085,0.866508841514587,1.00198233127594,0.75935560464859,1.04863810539246
Slovenia,SVN,2011,0.941719472408295,0.97692596912384,0.969209671020508,1.04520750045776,0.692796349525452,1.05691814422607
Slovenia,SVN,2012,0.832158982753754,1.018315076828,0.935110688209534,1.00906705856323,0.625475347042084,0.999778091907501
Slovenia,SVN,2013,0.722197890281677,1.00098669528961,0.882251679897308,0.994512796401978,0.624960362911224,1.00185775756836
Slovenia,SVN,2014,0.721584439277649,0.996188342571259,0.965773403644562,0.999711990356445,0.657770276069641,0.956069827079773
Slovenia,SVN,2015,0.737131714820862,0.936799585819244,0.947492003440857,0.945756256580353,0.609880983829498,0.986833035945892
Slovenia,SVN,2016,0.784757494926453,1.08712339401245,0.979141891002655,1.05059957504272,0.627829551696777,1.01090347766876
Slovenia,SVN,2017,0.776858031749725,1.12923729419708,0.866365492343903,0.993279337882996,0.564625978469849,1.00673377513885
Slovenia,SVN,2018,0.835979223251343,1.08223867416382,0.89426726102829,1.02447843551636,0.642297327518463,0.970165312290192
Slovenia,SVN,2019,0.888419628143311,1.04178440570831,0.801585972309113,1.08500075340271,0.997022330760956,0.977372527122498
Slovenia,SVN,2020,0.777402997016907,1.121173620224,0.701467931270599,1.03954863548279,0.91221022605896,0.932139754295349
Slovenia,SVN,2021,0.692999660968781,1.13730704784393,0.755585372447968,1.00168013572693,0.822128713130951,0.904861509799957
Slovenia,SVN,2022,0.767268538475037,1.06853556632996,0.709335088729858,0.970905184745789,0.694944024085999,0.976333498954773
Slovenia,SVN,2023,0.776647090911865,1.03929400444031,0.818632841110229,1.03880786895752,0.731421768665314,1.07909941673279
Spain,ESP,2000,1.32828283309937,1.68575727939606,0.459468245506287,1.4075014591217,1.23809194564819,1.27701985836029
Spain,ESP,2002,1.31682515144348,1.78612041473389,0.438226073980331,1.22893154621124,1.32903218269348,1.27498733997345
Spain,ESP,2003,1.3489111661911,1.81680715084076,-0.047485888004303,1.24776077270508,1.30430352687836,1.27055943012238
Spain,ESP,2004,1.33718907833099,1.33226644992828,-0.0905463024973869,1.12897205352783,1.30674779415131,1.3236118555069
Spain,ESP,2005,1.32761585712433,1.50157427787781,0.19302661716938,1.11754953861237,1.30437541007996,1.13140439987183
Spain,ESP,2006,1.17766547203064,0.830167770385742,-0.150648653507233,1.11987686157227,1.17664575576782,1.07872498035431
Spain,ESP,2007,1.07903242111206,0.987038195133209,-0.276731640100479,1.1538097858429,1.21525323390961,1.12308669090271
Spain,ESP,2008,1.17877197265625,0.912503182888031,-0.383085459470749,1.18374812602997,1.25488996505737,1.18532562255859
Spain,ESP,2009,1.05494809150696,0.9416823387146,-0.474599570035934,1.15600228309631,1.18705248832703,1.17698621749878
Spain,ESP,2010,1.16003704071045,0.942974150180817,-0.318043738603592,1.15678811073303,1.15819036960602,1.12254285812378
Spain,ESP,2011,1.16321241855621,0.97240149974823,0.0211045369505882,1.16937839984894,1.06073820590973,1.08586597442627
Spain,ESP,2012,1.17040634155273,1.05716216564178,-0.0295164491981268,1.03779828548431,0.947154939174652,1.06417882442474
Spain,ESP,2013,0.926990270614624,1.16768598556519,0.0120177594944835,1.02537167072296,0.932680726051331,0.988832354545593
Spain,ESP,2014,0.689240038394928,1.1732976436615,0.243121743202209,0.966455936431885,0.746454060077667,0.993711829185486
Spain,ESP,2015,0.630986750125885,1.15725028514862,0.24116013944149,0.886066854000092,0.791497886180878,1.04487037658691
Spain,ESP,2016,0.569826066493988,1.0948657989502,0.402214497327805,0.965352892875671,0.99648380279541,1.04160034656525
Spain,ESP,2017,0.510279893875122,1.00125849246979,0.270845949649811,1.02435386180878,0.930761218070984,1.02150094509125
Spain,ESP,2018,0.612778782844543,0.969246029853821,0.27590623497963,0.978094100952148,0.93815416097641,1.02963280677795
Spain,ESP,2019,0.666394531726837,0.968808770179749,0.292768746614456,0.990192174911499,1.037264585495,1.03599870204926
Spain,ESP,2020,0.711801946163177,0.853928565979004,0.411448448896408,0.860964477062225,0.755449116230011,1.00401437282562
Spain,ESP,2021,0.715437471866608,0.907896876335144,0.509235560894012,0.843258261680603,0.797288954257965,0.99951308965683
Spain,ESP,2022,0.685416162014008,0.920230388641357,0.318843424320221,0.799167692661285,0.797074437141418,1.01683568954468
Spain,ESP,2023,0.629368722438812,0.752065539360046,0.287291556596756,0.822885692119598,0.693764328956604,1.19472968578339
Sweden,SWE,2000,2.22582793235779,1.87932634353638,1.39177203178406,1.8001868724823,1.34945940971375,1.57328855991364
Sweden,SWE,2002,2.20039749145508,1.96259272098541,1.47525751590729,1.84246826171875,1.59024393558502,1.50778388977051
Sweden,SWE,2003,2.14788365364075,2.01690196990967,1.34161329269409,1.88671100139618,1.61025357246399,1.54860532283783
Sweden,SWE,2004,2.13264751434326,2.09973764419556,1.36222684383392,1.87256228923798,1.66940915584564,1.73924720287323
Sweden,SWE,2005,2.01279759407043,1.8879017829895,1.29990482330322,1.79775130748749,1.5328688621521,1.58447277545929
Sweden,SWE,2006,2.18632340431213,1.80057287216187,1.29393398761749,1.85117638111115,1.43954706192017,1.48571825027466
Sweden,SWE,2007,2.23397564888,2.01871752738953,1.27147829532623,1.89182782173157,1.57299721240997,1.51013612747192
Sweden,SWE,2008,2.21141076087952,1.94697892665863,1.12833654880524,1.91915678977966,1.63588404655457,1.52016663551331
Sweden,SWE,2009,2.24269556999207,2.04168105125427,1.08463823795319,1.9582816362381,1.64970362186432,1.54603838920593
Sweden,SWE,2010,2.21972584724426,1.96262037754059,1.09417045116425,1.93030881881714,1.65624058246613,1.54272592067719
Sweden,SWE,2011,2.16803646087646,1.92519795894623,1.23068809509277,1.91803658008575,1.89224195480347,1.61295545101166
Sweden,SWE,2012,2.27712059020996,1.91103565692902,1.17059719562531,1.92827761173248,1.90003883838654,1.69035804271698
Sweden,SWE,2013,2.239426612854,1.78899824619293,1.12777805328369,1.95059812068939,1.8954666852951,1.65803611278534
Sweden,SWE,2014,2.11085391044617,1.68137550354004,1.06541478633881,1.97514510154724,1.8051632642746,1.61101567745209
Sweden,SWE,2015,2.14546346664429,1.6848486661911,0.932670474052429,1.99032938480377,1.80380487442017,1.56545448303223
Sweden,SWE,2016,2.10577654838562,1.66307485103607,1.00078213214874,1.95228481292725,1.84277331829071,1.56508469581604
Sweden,SWE,2017,2.09996318817139,1.67575168609619,0.968603014945984,1.81969857215881,1.79004573822021,1.56944692134857
Sweden,SWE,2018,2.10963678359985,1.67109441757202,0.921417593955994,1.78407502174377,1.82550489902496,1.58079731464386
Sweden,SWE,2019,2.09194946289062,1.67401242256165,1.01188635826111,1.79216158390045,1.79326152801514,1.5590580701828
Sweden,SWE,2020,2.09451055526733,1.6700267791748,0.997376799583435,1.76741015911102,1.67861640453339,1.49804127216339
Sweden,SWE,2021,2.09849810600281,1.61025524139404,1.01450800895691,1.69935715198517,1.74532163143158,1.49274754524231
Sweden,SWE,2022,2.06152534484863,1.5724048614502,0.910905122756958,1.68850898742676,1.68157696723938,1.52612793445587
Sweden,SWE,2023,2.0282461643219,1.60138332843781,0.758365273475647,1.60402345657349,1.71801710128784,1.57483160495758
